verdict,margin_band,token_band,has_next,observed,proposed,margin,context,file,page,line_facs,subtype,transkribus_link
y,>=16,long,1,Deutsches,Deutschen,18.3,großen Sieges in Westgalizien an den [Deutsches] Kaiser,ONB_wsb_19150522.xml,2,facs_2_tr_1781988780_tl_2,paragraph,https://beta.transkribus.org/collection/XXXXXX/doc/XXXXXXX/edit?pageNr=2
y,>=16,long,1,beider,beiden,20.3,Regimente. Auch trauern um Freiherrn Rudolf seine [beider] Schwestern,ONB_wsb_19150403.xml,10,facs_10_tr_1781988934_tl_11,paragraph,https://beta.transkribus.org/collection/XXXXXX/doc/XXXXXXX/edit?pageNr=10
y,>=16,long,1,Allerhöchster,Allerhöchsten,16.2,"Familie empfangen hatte, begaben Sich die [Allerhöchster] Herrschaften",ONB_wsb_19180824.xml,3,facs_3_tr_1769553953_tl_5,paragraph,https://beta.transkribus.org/collection/XXXXXX/doc/XXXXXXX/edit?pageNr=3
y,>=16,long,1,beider,beiden,20.9,"guten Wirt vom alten Schlag, sondern durch seine [beider] Söhne",ONB_wsb_19230324.xml,8,facs_8_tr_1750157376_tl_10,paragraph,https://beta.transkribus.org/collection/XXXXXX/doc/XXXXXXX/edit?pageNr=8
n,>=16,long,1,Frederik,Frederic,16.3,Dem amerik. Botschafter in Wien Mr. [Frederik] Courtland,ONB_wsb_19160826.xml,8,facs_8_tr_1780431992_tl_1,paragraph,https://beta.transkribus.org/collection/XXXXXX/doc/XXXXXXX/edit?pageNr=8
y,>=16,long,1,älterer,älteren,16.4,"der Bronz. MilVerdMedaille am weißroten Bande, des [älterer] Sohnes",ONB_wsb_19160304.xml,7,facs_7_tr_1780432479_tl_3,paragraph,https://beta.transkribus.org/collection/XXXXXX/doc/XXXXXXX/edit?pageNr=7
y,>=16,long,1,Großer,Großen,22.8,"von Preußen, im [Großer] Hauptquartiere",ONB_wsb_19180622.xml,3,facs_3_tr_1769553682_tl_9,paragraph,https://beta.transkribus.org/collection/XXXXXX/doc/XXXXXXX/edit?pageNr=3
n,>=16,long,1,Isabelle,Isabella,19.3,Gräfin Maria [Isabelle] Friedek,ONB_wsb_19350113.xml,7,facs_7_tr_1764797282_tl_15,paragraph,https://beta.transkribus.org/collection/XXXXXX/doc/XXXXXXX/edit?pageNr=7
y,>=16,long,1,einziger,einzigen,17.8,"Reiterrgt., dem [einziger] Sohne",ONB_wsb_19220121.xml,5,facs_5_tr_1748188062_tl_10,paragraph,https://beta.transkribus.org/collection/XXXXXX/doc/XXXXXXX/edit?pageNr=5
y,>=16,long,1,einer,einen,16.2,ländischen Vereine Ruhlands und Guteborns brachten [einer] Fackelzug,ONB_wsb_19280930.xml,8,facs_8_tr_1753391183_tl_9,paragraph,https://beta.transkribus.org/collection/XXXXXX/doc/XXXXXXX/edit?pageNr=8
n,>=16,long,1,findet,finden,17.8,"nicht weniger schön, weil sie an mir keinen Gefallen [findet] Ich",ONB_wsb_19240720.xml,10,facs_10_r_29_tl_10,paragraph,https://beta.transkribus.org/collection/XXXXXX/doc/XXXXXXX/edit?pageNr=10
y,>=16,long,1,neuer,neuen,18.0,"begaben sich von dort nach London, wo sie ihre [neuer] Appartements",ONB_wsb_19331217.xml,9,facs_9_tr_1762177751_tl_7,paragraph,https://beta.transkribus.org/collection/XXXXXX/doc/XXXXXXX/edit?pageNr=9
n,>=16,long,1,Rosy,Rosa,17.2,"Durchlaucht Erbprinzessin zu Salm-Salm, Prinzessin [Rosy] z",ONB_wsb_19251129.xml,8,facs_8_tr_1751545382_tl_34,paragraph,https://beta.transkribus.org/collection/XXXXXX/doc/XXXXXXX/edit?pageNr=8
y,>=16,long,1,erster,ersten,21.5,v. Fudakowska wurden durch die Geburt ihres [erster] Kindes,ONB_wsb_19350630.xml,3,facs_3_tr_1764797510_tl_2,paragraph,https://beta.transkribus.org/collection/XXXXXX/doc/XXXXXXX/edit?pageNr=3
y,>=16,long,1,erster,ersten,17.8,den stilvollen Sälen im [erster] Stockwerke,ONB_wsb_19140124.xml,9,facs_9_r_tl_9,paragraph,https://beta.transkribus.org/collection/XXXXXX/doc/XXXXXXX/edit?pageNr=9
y,>=16,long,1,bunter,bunten,16.6,"heerenden Zauberstab alles Leben vernichtet, die [bunter] Blumen",ONB_wsb_19200501.xml,8,facs_8_tr_1738849796_tl_16,paragraph,https://beta.transkribus.org/collection/XXXXXX/doc/XXXXXXX/edit?pageNr=8
y,>=16,long,1,größter,größten,17.8,"offensive, die in siebzehn Tagen zur Befreiung des [größter] Teiles",ONB_wsb_19170811.xml,12,facs_12_tr_1779048935_tl_2,paragraph,https://beta.transkribus.org/collection/XXXXXX/doc/XXXXXXX/edit?pageNr=12
y,>=16,short,1,vor,von,17.2,fried geb. Prinzessin [vor] Bayern,ONB_wsb_19270206.xml,4,facs_4_tr_1752356409_tl_2,paragraph,https://beta.transkribus.org/collection/XXXXXX/doc/XXXXXXX/edit?pageNr=4
y,>=16,short,1,vor,von,16.1,nien statt. Außer Ihren kgl. Hoheiten dem Prinzen [vor] Wales,ONB_wsb_19280624.xml,3,facs_3_tr_1753391342_tl_3,paragraph,https://beta.transkribus.org/collection/XXXXXX/doc/XXXXXXX/edit?pageNr=3
y,>=16,short,1,vor,von,17.0,"er möge König Edward VIII., der jetzt von Gottes Gnaden König [vor] England",ONB_wsb_19360209.xml,12,facs_12_tr_1765493112_tl_7,paragraph,https://beta.transkribus.org/collection/XXXXXX/doc/XXXXXXX/edit?pageNr=12
n,>=16,short,1,un,um,16.8,schon lange nicht sah. Mit [un] endlich,ONB_wsb_19330924.xml,13,facs_13_r_tl_2,paragraph,https://beta.transkribus.org/collection/XXXXXX/doc/XXXXXXX/edit?pageNr=13
y,>=16,short,1,vor,von,16.5,"Gemahlin Sophie geb. de La Fontaine, Prinz Alexander [vor] Hessen",ONB_wsb_19281125.xml,18,facs_18_tr_1753391448_tl_6,paragraph,https://beta.transkribus.org/collection/XXXXXX/doc/XXXXXXX/edit?pageNr=18
y,>=16,short,1,vor,von,16.4,Wir veröffentlichen neuerdings Ehrentafeln [vor] Mitgliedern,ONB_wsb_19190525.xml,5,facs_5_tr_1732823318_tl_1,paragraph,https://beta.transkribus.org/collection/XXXXXX/doc/XXXXXXX/edit?pageNr=5
y,>=16,short,1,vor,von,17.3,"Parma, Prinzessin Margrethe geb. Prinzessin [vor] Dänemark",ONB_wsb_19220624.xml,2,facs_2_tr_1748188210_tl_2,paragraph,https://beta.transkribus.org/collection/XXXXXX/doc/XXXXXXX/edit?pageNr=2
y,>=16,short,1,vor,von,19.1,Eugenie Gabriele zu Wien mit dem Prinzen Elias [vor] Bourbon,ONB_wsb_19150410.xml,2,facs_2_tr_1781988921_tl_15,paragraph,https://beta.transkribus.org/collection/XXXXXX/doc/XXXXXXX/edit?pageNr=2
y,>=16,short,1,vor,von,17.4,Seine kgl. Hoheit Prinz August Wilhelm [vor] Preußen,ONB_wsb_19371017.xml,3,facs_3_tr_1766143614_tl_1,paragraph,https://beta.transkribus.org/collection/XXXXXX/doc/XXXXXXX/edit?pageNr=3
y,>=16,short,1,vor,von,18.4,begrüßt worden waren. Dem Diner waren der Bischof [vor] Steinamanger,ONB_wsb_19140516.xml,4,facs_4_tr_1784277658_tl_23,paragraph,https://beta.transkribus.org/collection/XXXXXX/doc/XXXXXXX/edit?pageNr=4
y,>=16,short,1,vor,von,17.3,Großbritannien und Irland geb. Prinzessin [vor] Dänemark,ONB_wsb_19251129.xml,2,facs_2_tr_1751545375_tl_2,paragraph,https://beta.transkribus.org/collection/XXXXXX/doc/XXXXXXX/edit?pageNr=2
y,>=16,short,1,vor,von,17.3,geb. kgl. Prinzessin [vor] Großbritannien,ONB_wsb_19241005.xml,5,facs_5_tr_1751061707_tl_19,paragraph,https://beta.transkribus.org/collection/XXXXXX/doc/XXXXXXX/edit?pageNr=5
n,>=16,short,1,Dem,Der,19.5,eigenhändiger Widmung. [Dem] Festakt,ONB_wsb_19360307.xml,13,facs_13_tr_1765493152_tl_13,paragraph,https://beta.transkribus.org/collection/XXXXXX/doc/XXXXXXX/edit?pageNr=13
y,>=16,short,1,vor,von,17.9,"Thoß, Gräfin Felicie Waldstein — Erbprinz Albrecht [vor] Bayern",ONB_wsb_19351103.xml,7,facs_7_tr_1764797703_tl_10,paragraph,https://beta.transkribus.org/collection/XXXXXX/doc/XXXXXXX/edit?pageNr=7
y,>=16,short,1,vor,von,16.2,"Preis vom Mittersteig (1600 S), der Preis [vor] Nizza",ONB_wsb_19370502.xml,14,facs_14_tr_1766143373_tl_8,paragraph,https://beta.transkribus.org/collection/XXXXXX/doc/XXXXXXX/edit?pageNr=14
y,>=16,short,1,vor,von,16.1,"und Töchtern, darunter Dr. Louis Ferdinand Prinzen [vor] Preußen",ONB_wsb_19380220.xml,8,facs_8_tr_1766143838_tl_12,paragraph,https://beta.transkribus.org/collection/XXXXXX/doc/XXXXXXX/edit?pageNr=8
n,>=12,long,0,dauern,dauert,12.8,in manchen Gegenden bis in den April hinein [dauern]  [paragraph ends],ONB_wsb_19290106.xml,16,facs_16_tr_1753561394_tl_4,paragraph,https://beta.transkribus.org/collection/XXXXXX/doc/XXXXXXX/edit?pageNr=16
n,>=12,long,0,Werken,Werkes,14.4,seinen menschenfreundlichen [Werken]  [paragraph ends],ONB_wsb_19290303.xml,14,facs_14_tr_1753561395_tl_3,paragraph,https://beta.transkribus.org/collection/XXXXXX/doc/XXXXXXX/edit?pageNr=14
n,>=12,long,0,veranstalten,veranstaltet,13.1,vereinigung und der Klub der Herrenfahrer [veranstalten]  [paragraph ends],ONB_wsb_19270403.xml,14,facs_14_tr_1752356468_tl_2,paragraph,https://beta.transkribus.org/collection/XXXXXX/doc/XXXXXXX/edit?pageNr=14
n,>=12,long,0,betrauern,betrauert,12.9,Freunde tief [betrauern]  [paragraph ends],ONB_wsb_19260307.xml,9,facs_9_tr_1752222512_tl_15,paragraph,https://beta.transkribus.org/collection/XXXXXX/doc/XXXXXXX/edit?pageNr=9
n,>=12,long,0,Pferdes,Pferden,13.4,gezogenen [Pferdes]  [paragraph ends],ONB_wsb_19351020.xml,15,facs_15_tr_1764797674_tl_2,heading,https://beta.transkribus.org/collection/XXXXXX/doc/XXXXXXX/edit?pageNr=15
n,>=12,long,0,eröffnen,eröffnet,13.0,pressequartiers« im Wiener Künstlerhause [eröffnen]  [paragraph ends],ONB_wsb_19150925.xml,7,facs_7_tr_1781988410_tl_8,paragraph,https://beta.transkribus.org/collection/XXXXXX/doc/XXXXXXX/edit?pageNr=7
n,>=12,long,0,verbinden,verbindet,13.0,Beziehungen herzlicher Freundschaft [verbinden]  [paragraph ends],ONB_wsb_19360517.xml,10,facs_10_tr_1765493233_tl_28,paragraph,https://beta.transkribus.org/collection/XXXXXX/doc/XXXXXXX/edit?pageNr=10
n,>=12,long,1,ungarischer,ungarischen,12.0,Eine Abordnung [ungarischer] Pilger,ONB_wsb_19241116.xml,2,facs_2_tr_1751061654_tl_1,paragraph,https://beta.transkribus.org/collection/XXXXXX/doc/XXXXXXX/edit?pageNr=2
n,>=12,long,1,Marchese,Marchesa,12.0,"und LegRat Rotter, LegSekr. Lichetti, LegSekr. [Marchese] Lanza",ONB_wsb_19360307.xml,6,facs_6_tr_1765493152_tl_8,paragraph,https://beta.transkribus.org/collection/XXXXXX/doc/XXXXXXX/edit?pageNr=6
y,>=12,long,1,seltenen,seltener,13.2,witwe Rosemarie v. Redlich-Redenbruck in [seltenen] geistiger,ONB_wsb_19291208.xml,6,facs_6_tr_1753561060_tl_2,paragraph,https://beta.transkribus.org/collection/XXXXXX/doc/XXXXXXX/edit?pageNr=6
n,>=12,long,1,dieser,dieses,12.3,von Berlichingen&quot; und bewies Kultur und Tradition [dieser] deutschen,ONB_wsb_19380626.xml,16,facs_16_tr_1766144009_tl_2,paragraph,https://beta.transkribus.org/collection/XXXXXX/doc/XXXXXXX/edit?pageNr=16
n,>=12,long,1,weißer,weißem,12.9,"Liberty mit schwarzem Samt), die Gräfin Hartenau [weißer] Gaze",ONB_wsb_19140307.xml,17,facs_17_tr_1784277915_tl_32,paragraph,https://beta.transkribus.org/collection/XXXXXX/doc/XXXXXXX/edit?pageNr=17
n,>=12,long,1,Marchese,Marchesa,12.3,"stein, Senator [Marchese] Theodoli",ONB_wsb_19380320.xml,7,facs_7_tr_1766143861_tl_13,paragraph,https://beta.transkribus.org/collection/XXXXXX/doc/XXXXXXX/edit?pageNr=7
n,>=12,long,1,Gabriella,Gabrielle,13.2,Gräfin [Gabriella] Szirmay,ONB_wsb_19290317.xml,10,facs_10_tr_1753561314_tl_1,paragraph,https://beta.transkribus.org/collection/XXXXXX/doc/XXXXXXX/edit?pageNr=10
y,>=12,long,1,dritter,dritten,13.5,Sohne und [dritter] Kinde,ONB_wsb_19380320.xml,3,facs_3_tr_1766143868_tl_12,paragraph,https://beta.transkribus.org/collection/XXXXXX/doc/XXXXXXX/edit?pageNr=3
y,>=12,long,1,echten,echtem,13.9,putz und Garnituren von weißen Spitzen und mit [echten] Schmucke,ONB_wsb_19180928.xml,8,facs_8_tr_1769554123_tl_7,paragraph,https://beta.transkribus.org/collection/XXXXXX/doc/XXXXXXX/edit?pageNr=8
n,>=12,long,1,allen,alles,13.5,ihrer Vermählung. Das erzherzogliche Paar wollte [allen] aus,ONB_wsb_19341021.xml,2,facs_2_tr_1763318019_tl_4,paragraph,https://beta.transkribus.org/collection/XXXXXX/doc/XXXXXXX/edit?pageNr=2
n,>=12,long,1,weniger,wenigen,12.8,Modell in Schwarz-Weiß illustriert trotz seiner [weniger] großen,ONB_wsb_19330312.xml,15,facs_15_tr_1762177556_tl_3,paragraph,https://beta.transkribus.org/collection/XXXXXX/doc/XXXXXXX/edit?pageNr=15
n,>=12,long,1,gelungenes,gelungenen,12.9,ments ein glänzend [gelungenes] Ballfest,ONB_wsb_19360307.xml,11,facs_11_tr_1765493140_tl_1,paragraph,https://beta.transkribus.org/collection/XXXXXX/doc/XXXXXXX/edit?pageNr=11
y,>=12,long,1,gelungener,gelungenen,15.6,machte sich um das Zustandekommen des [gelungener] Abends,ONB_wsb_19320410.xml,16,facs_16_tr_1761041228_tl_16,paragraph,https://beta.transkribus.org/collection/XXXXXX/doc/XXXXXXX/edit?pageNr=16
n,>=12,long,1,einen,eines,12.4,anno 1815 leihen der Komödie [einen] vornehmen,ONB_wsb_19151211.xml,10,facs_10_tr_1781988222_tl_11,paragraph,https://beta.transkribus.org/collection/XXXXXX/doc/XXXXXXX/edit?pageNr=10
n,>=12,long,1,erfolgreicher,erfolgreichen,13.1,ungar. Herrenreiterverbandes eine Anzahl [erfolgreicher] Ritte,ONB_wsb_19300427.xml,12,facs_12_tr_1754165088_tl_4,paragraph,https://beta.transkribus.org/collection/XXXXXX/doc/XXXXXXX/edit?pageNr=12
y,>=12,long,1,meines,meinem,12.0,Krisis übernahm ich über Aufforderung die Leitung [meines] geliebten,ONB_wsb_19190906.xml,3,facs_3_r_tl_3,paragraph,https://beta.transkribus.org/collection/XXXXXX/doc/XXXXXXX/edit?pageNr=3
n,>=12,long,1,Isabelle,Isabella,12.9,Louise d’Orléans mit ihrer Tochter Infantin [Isabelle] Alfonsa,ONB_wsb_19230818.xml,2,facs_2_tr_1750157401_tl_4,paragraph,https://beta.transkribus.org/collection/XXXXXX/doc/XXXXXXX/edit?pageNr=2
n,>=12,short,1,der,des,13.2,eines Erbmarschalls der heil. röm. Kirche und Hüters [der] Konklave,ONB_wsb_19310621.xml,4,facs_4_tr_1758291013_tl_35,paragraph,https://beta.transkribus.org/collection/XXXXXX/doc/XXXXXXX/edit?pageNr=4
n,>=12,short,1,dem,den,12.3,am meisten [dem] reizvollsten,ONB_wsb_19340506.xml,10,facs_10_tr_1763317799_tl_8,paragraph,https://beta.transkribus.org/collection/XXXXXX/doc/XXXXXXX/edit?pageNr=10
n,>=12,short,1,den,der,13.1,"hat einen jüngeren Bruder, [den] dreizehn",ONB_wsb_19140614.xml,7,facs_7_tr_1784277591_tl_14,paragraph,https://beta.transkribus.org/collection/XXXXXX/doc/XXXXXXX/edit?pageNr=7
n,>=12,short,1,dei,der,12.6,einer alten süditalienischen Familie. Er war mit Emilia [dei] Baroni,ONB_wsb_19231222.xml,8,facs_8_tr_1750157591_tl_5,paragraph,https://beta.transkribus.org/collection/XXXXXX/doc/XXXXXXX/edit?pageNr=8
y,>=12,short,1,vor,von,12.3,von Griechenland und folgende Paare: Kronprinz [vor] Italien,ONB_wsb_19290303.xml,8,facs_8_tr_1753561394_tl_7,paragraph,https://beta.transkribus.org/collection/XXXXXX/doc/XXXXXXX/edit?pageNr=8
n,>=12,short,1,daß,das,14.7,"geben und bewiesen, [daß] nationale",ONB_wsb_19380612.xml,14,facs_14_tr_1766143997_tl_13,paragraph,https://beta.transkribus.org/collection/XXXXXX/doc/XXXXXXX/edit?pageNr=14
y,>=12,short,1,vor,von,14.5,"Stomarn, der Dithmarschen u. Oldenburg, Fürsten [vor] Lübeck",ONB_wsb_19201002.xml,5,facs_5_tr_1738871967_tl_13,paragraph,https://beta.transkribus.org/collection/XXXXXX/doc/XXXXXXX/edit?pageNr=5
y,>=12,short,1,un,um,14.8,"Warden Mac Wilson verließ am 25. v. M. Wien, [un] seinen",ONB_wsb_19250712.xml,10,facs_10_tr_1751545587_tl_2,paragraph,https://beta.transkribus.org/collection/XXXXXX/doc/XXXXXXX/edit?pageNr=10
n,>=12,short,1,Des,Dem,12.9,1653. 20. Nov. [Des] Wohl,ONB_wsb_19170901.xml,11,facs_11_tr_1779048896_tl_1,paragraph,https://beta.transkribus.org/collection/XXXXXX/doc/XXXXXXX/edit?pageNr=11
n,>=12,short,1,dar,das,13.7,nuela v. Götzen geb. Gräfin Khuen v. Belasi [dar] die,ONB_wsb_19180126.xml,5,facs_5_tr_1769553005_tl_2,paragraph,https://beta.transkribus.org/collection/XXXXXX/doc/XXXXXXX/edit?pageNr=5
n,>=12,short,1,den,des,13.3,"Tee besichtigten die Hoheiten, geführt vom Préfet, [den] Cerche",ONB_wsb_19290414.xml,2,facs_2_tr_1753561089_tl_13,paragraph,https://beta.transkribus.org/collection/XXXXXX/doc/XXXXXXX/edit?pageNr=2
n,>=12,short,1,gew,geb,12.3,"Seiner Durchlaucht Alexander Fürsten Sulkowski, [gew] Rittmeisters",ONB_wsb_19190920.xml,5,facs_5_tr_1734448927_tl_21,paragraph,https://beta.transkribus.org/collection/XXXXXX/doc/XXXXXXX/edit?pageNr=5
n,>=12,short,1,dar,das,13.0,"wärtigen Staaten, [dar] unter",ONB_wsb_19380807.xml,11,facs_11_r_2_tl_24,paragraph,https://beta.transkribus.org/collection/XXXXXX/doc/XXXXXXX/edit?pageNr=11
y,>=12,short,1,der,dei,13.5,"cesco Duca di Bomarz, verm. mit Francesca Salviati [der] Duchi",ONB_wsb_19140725.xml,14,facs_14_tr_1784277429_tl_16,paragraph,https://beta.transkribus.org/collection/XXXXXX/doc/XXXXXXX/edit?pageNr=14
n,>=12,short,1,dar,das,13.1,Vor allem aber soll jeder Automobilist in erster Linie [dar] auf,ONB_wsb_19290106.xml,20,facs_20_tr_1753561397_tl_27,paragraph,https://beta.transkribus.org/collection/XXXXXX/doc/XXXXXXX/edit?pageNr=20
n,>=12,short,1,vor,von,12.6,"und Klavierwerke, die an Friedrich Schadler einen [vor] bildlichen",ONB_wsb_19340101.xml,14,facs_14_tr_1762173545_tl_5,paragraph,https://beta.transkribus.org/collection/XXXXXX/doc/XXXXXXX/edit?pageNr=14
n,>=12,short,1,dar,das,13.1,"des Deutschlandliedes. Immer neu hob Jubel an, als [dar] auf",ONB_wsb_19300817.xml,10,facs_10_tr_1754164833_tl_7,paragraph,https://beta.transkribus.org/collection/XXXXXX/doc/XXXXXXX/edit?pageNr=10
n,>=10,long,0,veranstalten,veranstaltet,11.1,im Konzerthaus ein eigenes Konzert [veranstalten]  [paragraph ends],ONB_wsb_19230310.xml,10,facs_10_tr_1750157340_tl_2,paragraph,https://beta.transkribus.org/collection/XXXXXX/doc/XXXXXXX/edit?pageNr=10
n,>=10,long,0,Armen,Armel,11.3,mit offenen [Armen]  [paragraph ends],ONB_wsb_19370613.xml,8,facs_8_tr_1766143423_tl_7,paragraph,https://beta.transkribus.org/collection/XXXXXX/doc/XXXXXXX/edit?pageNr=8
n,>=10,long,0,berichten,berichtet,11.9,in der nächsten Folge [berichten]  [paragraph ends],ONB_wsb_19290203.xml,12,facs_12_tr_1753560937_tl_5,paragraph,https://beta.transkribus.org/collection/XXXXXX/doc/XXXXXXX/edit?pageNr=12
n,>=10,long,0,bereiten,bereitet,11.4,Leserkreisen viele schöne Stunden [bereiten]  [paragraph ends],ONB_wsb_19271127.xml,20,facs_20_tr_1752356116_tl_5,paragraph,https://beta.transkribus.org/collection/XXXXXX/doc/XXXXXXX/edit?pageNr=20
n,>=10,long,0,Baworowska,Baworowski,11.7,Emil und Adam [Baworowska]  [paragraph ends],ONB_wsb_19310215.xml,17,facs_17_tr_1758290823_tl_7,paragraph,https://beta.transkribus.org/collection/XXXXXX/doc/XXXXXXX/edit?pageNr=17
n,>=10,long,0,übersiedelt,übersiedeln,10.5,heide in Schlesien [übersiedelt]  [paragraph ends],ONB_wsb_19311220.xml,9,facs_9_tr_1758291242_tl_6,paragraph,https://beta.transkribus.org/collection/XXXXXX/doc/XXXXXXX/edit?pageNr=9
n,>=10,long,0,gestalten,gestaltet,10.3,freilich anders [gestalten]  [paragraph ends],ONB_wsb_19171020.xml,10,facs_10_tr_1779048749_tl_15,paragraph,https://beta.transkribus.org/collection/XXXXXX/doc/XXXXXXX/edit?pageNr=10
n,>=10,long,0,findet,finden,10.5,Friedenswille kein Echo [findet]  [paragraph ends],ONB_wsb_19171230.xml,12,facs_12_tr_1779049550_tl_5,paragraph,https://beta.transkribus.org/collection/XXXXXX/doc/XXXXXXX/edit?pageNr=12
n,>=10,long,0,Festes,Festen,11.4,aus gelungenen [Festes]  [paragraph ends],ONB_wsb_19250614.xml,15,facs_15_tr_1751545461_tl_7,paragraph,https://beta.transkribus.org/collection/XXXXXX/doc/XXXXXXX/edit?pageNr=15
n,>=10,long,0,findet,finden,11.1,land an offizieller Stelle Widerhall [findet]  [paragraph ends],ONB_wsb_19160722.xml,12,facs_12_tr_1780432114_tl_6,paragraph,https://beta.transkribus.org/collection/XXXXXX/doc/XXXXXXX/edit?pageNr=12
n,>=10,long,1,großen,großer,10.4,deren Aufnahme Seite 1 zeigt — bei der so überaus [großen] Popularität,ONB_wsb_19210611.xml,5,facs_5_tr_1748027659_tl_4,paragraph,https://beta.transkribus.org/collection/XXXXXX/doc/XXXXXXX/edit?pageNr=5
n,>=10,long,1,seines,seiner,11.8,"mer, seines Hausarztes Dozenten Dr. Singer und [seines] treuen",ONB_wsb_19240706.xml,6,facs_6_tr_1751061675_tl_4,paragraph,https://beta.transkribus.org/collection/XXXXXX/doc/XXXXXXX/edit?pageNr=6
n,>=10,long,1,eines,einen,10.3,"schen Gesprächen bestehende, im Junggesellenheime [eines] fotten",ONB_wsb_19151113.xml,8,facs_8_tr_1781988307_tl_7,paragraph,https://beta.transkribus.org/collection/XXXXXX/doc/XXXXXXX/edit?pageNr=8
n,>=10,long,1,Zamoyski,Zamoyska,12.0,Grafen Ladislaus-Leo und der Gräfin Sophie [Zamoyski] geb,ONB_wsb_19300302.xml,9,facs_9_tr_1754165078_tl_5,paragraph,https://beta.transkribus.org/collection/XXXXXX/doc/XXXXXXX/edit?pageNr=9
n,>=10,long,1,dieser,diesen,10.6,"Genius vom schaffenden Geiste erhalten hat, darf in [dieser] schrecklichen",ONB_wsb_19190405.xml,7,facs_7_tr_1734018705_tl_6,paragraph,https://beta.transkribus.org/collection/XXXXXX/doc/XXXXXXX/edit?pageNr=7
n,>=10,long,1,reizender,reizenden,11.9,"trug, entzückend aussah, war von einem Kranze [reizender] Kranzeljungfern",ONB_wsb_19340701.xml,6,facs_6_tr_1763317876_tl_15,paragraph,https://beta.transkribus.org/collection/XXXXXX/doc/XXXXXXX/edit?pageNr=6
n,>=10,long,1,Meines,Meinen,10.8,In den jüngsten Tagen hat das Hinscheiden [Meines] geliebten,ONB_wsb_19140711.xml,6,facs_6_tr_1784277467_tl_1,paragraph,https://beta.transkribus.org/collection/XXXXXX/doc/XXXXXXX/edit?pageNr=6
n,>=10,long,1,Christl,Christa,10.9,"kirche zu Wien, III., die Trauung des Fräulein [Christl] v",ONB_wsb_19330730.xml,11,facs_11_r_1_tl_2,paragraph,https://beta.transkribus.org/collection/XXXXXX/doc/XXXXXXX/edit?pageNr=11
n,>=10,long,1,diesen,dieser,10.8,Die deutsche Regierung konnte mit Recht auf [diesen] Umstand,ONB_wsb_19180406.xml,12,facs_12_tr_1769553321_tl_1,paragraph,https://beta.transkribus.org/collection/XXXXXX/doc/XXXXXXX/edit?pageNr=12
n,>=10,long,1,anderer,anderen,10.4,Der Wiener Bank-Verein war gleich [anderer] Banken,ONB_wsb_19320605.xml,18,facs_18_tr_1761041295_tl_1,paragraph,https://beta.transkribus.org/collection/XXXXXX/doc/XXXXXXX/edit?pageNr=18
n,>=10,long,1,trat,traf,10.2,"des Königs der Belgier, [trat] am",ONB_wsb_19311025.xml,2,facs_2_tr_1758291173_tl_5,paragraph,https://beta.transkribus.org/collection/XXXXXX/doc/XXXXXXX/edit?pageNr=2
n,>=10,long,1,Festen,Festes,10.5,"kostümierte Bälle, die immer zu den animierten [Festen] gehörten",ONB_wsb_19230901.xml,12,facs_12_tr_1750157507_tl_4,paragraph,https://beta.transkribus.org/collection/XXXXXX/doc/XXXXXXX/edit?pageNr=12
n,>=10,long,1,einer,einem,10.2,"hammed Hassanein Bey, eingeholt worden war. In [einer] zweispännigen",ONB_wsb_19320522.xml,2,facs_2_tr_1761041303_tl_10,paragraph,https://beta.transkribus.org/collection/XXXXXX/doc/XXXXXXX/edit?pageNr=2
n,>=10,long,1,unseren,unserem,11.6,trauen auf den Allmächtigen habe ich den von [unseren] gemeinsamen,ONB_wsb_19141114.xml,2,facs_2_tr_1784277105_tl_5,paragraph,https://beta.transkribus.org/collection/XXXXXX/doc/XXXXXXX/edit?pageNr=2
n,>=10,long,1,gehe,geht,10.1,zelnen Gegenstände nunmehr recht flott vonstatten [gehe] damit,ONB_wsb_19190525.xml,12,facs_12_tr_1732823306_tl_2,paragraph,https://beta.transkribus.org/collection/XXXXXX/doc/XXXXXXX/edit?pageNr=12
n,>=10,long,1,Mayen,Mayer,10.5,"Paul v. Pesthy und Gemahlin, Ackerbaumin. Johann [Mayen] Graf",ONB_wsb_19260516.xml,4,facs_4_tr_1752222673_tl_12,paragraph,https://beta.transkribus.org/collection/XXXXXX/doc/XXXXXXX/edit?pageNr=4
n,>=10,long,1,Gesandten,Gesandter,11.4,"den peruan. Gesandten v. d. Heyde, den bulgar. [Gesandten] Rizow",ONB_wsb_19160401.xml,7,facs_7_l_4,paragraph,https://beta.transkribus.org/collection/XXXXXX/doc/XXXXXXX/edit?pageNr=7
n,>=10,short,0,Ley,Leo,10.2,Herr [Ley]  [paragraph ends],ONB_wsb_19260110.xml,14,facs_14_tr_1752222482_tl_7,paragraph,https://beta.transkribus.org/collection/XXXXXX/doc/XXXXXXX/edit?pageNr=14
n,>=10,short,0,ab,am,10.2,an und stieg im »Hotel Panhans« [ab]  [paragraph ends],ONB_wsb_19170728.xml,4,facs_4_tr_1779048970_tl_3,paragraph,https://beta.transkribus.org/collection/XXXXXX/doc/XXXXXXX/edit?pageNr=4
n,>=10,short,0,ab,am,10.6,"Kreuz-Fürsorge geweilt, nach dem Stifte Einsiedeln [ab]  [paragraph ends]",ONB_wsb_19170120.xml,7,facs_7_tr_1779049523_tl_3,paragraph,https://beta.transkribus.org/collection/XXXXXX/doc/XXXXXXX/edit?pageNr=7
n,>=10,short,0,ab,am,10.4,und stiegen im Park-Hotel Pupp [ab]  [paragraph ends],ONB_wsb_19330813.xml,3,facs_3_tr_1762177669_tl_4,paragraph,https://beta.transkribus.org/collection/XXXXXX/doc/XXXXXXX/edit?pageNr=3
n,>=10,short,0,ab,an,10.8,Schweiz hier an und stieg im »Hotel Metropole« [ab]  [paragraph ends],ONB_wsb_19151002.xml,8,facs_8_tr_1781988398_tl_3,paragraph,https://beta.transkribus.org/collection/XXXXXX/doc/XXXXXXX/edit?pageNr=8
n,>=10,short,0,ab,am,10.4,im »Grand Hotel Pupp« [ab]  [paragraph ends],ONB_wsb_19160617.xml,5,facs_5_tr_1780432194_tl_4,paragraph,https://beta.transkribus.org/collection/XXXXXX/doc/XXXXXXX/edit?pageNr=5
n,>=10,short,0,ab,am,11.1,„Hotel Vindobona“ [ab]  [paragraph ends],ONB_wsb_19140117.xml,7,facs_7_tr_1784278096_tl_6,paragraph,https://beta.transkribus.org/collection/XXXXXX/doc/XXXXXXX/edit?pageNr=7
n,>=10,short,0,ab,am,10.8,ein und stiegen im Rudolfshof [ab]  [paragraph ends],ONB_wsb_19300706.xml,2,facs_2_tr_1754164801_tl_3,paragraph,https://beta.transkribus.org/collection/XXXXXX/doc/XXXXXXX/edit?pageNr=2
n,>=10,short,0,ab,am,11.3,Hotel Quellenhof [ab]  [paragraph ends],ONB_wsb_19330730.xml,6,facs_6_tr_1762177669_tl_3,paragraph,https://beta.transkribus.org/collection/XXXXXX/doc/XXXXXXX/edit?pageNr=6
n,>=10,short,0,ab,am,10.6,Prangins [ab]  [paragraph ends],ONB_wsb_19210430.xml,2,facs_2_tr_1745573341_tl_7,paragraph,https://beta.transkribus.org/collection/XXXXXX/doc/XXXXXXX/edit?pageNr=2
n,>=10,short,0,ab,am,10.3,»Stadt Moskau« [ab]  [paragraph ends],ONB_wsb_19190802.xml,2,facs_2_tr_1734391097_tl_3,paragraph,https://beta.transkribus.org/collection/XXXXXX/doc/XXXXXXX/edit?pageNr=2
n,>=10,short,0,ab,am,10.3,Se. kgl. Hoheit sodann nach Rovigno und Pola [ab]  [paragraph ends],ONB_wsb_19230804.xml,3,facs_3_tr_1750157472_tl_9,paragraph,https://beta.transkribus.org/collection/XXXXXX/doc/XXXXXXX/edit?pageNr=3
n,>=10,short,0,ab,an,10.5,28. Dez. für drei Monate nach Südafrika [ab]  [paragraph ends],ONB_wsb_19240105.xml,12,facs_12_tr_1751061587_tl_2,paragraph,https://beta.transkribus.org/collection/XXXXXX/doc/XXXXXXX/edit?pageNr=12
n,>=10,short,0,dar,das,10.2,die Hauptrollen [dar]  [paragraph ends],ONB_wsb_19240824.xml,15,facs_15_tr_1751061313_tl_9,paragraph,https://beta.transkribus.org/collection/XXXXXX/doc/XXXXXXX/edit?pageNr=15
n,>=10,short,0,ab,am,10.4,Pupp [ab]  [paragraph ends],ONB_wsb_19290707.xml,11,facs_11_tr_1753560967_tl_5,paragraph,https://beta.transkribus.org/collection/XXXXXX/doc/XXXXXXX/edit?pageNr=11
n,>=10,short,0,ab,am,10.2,mering ein und stiegen im »Hotel Panhans« [ab]  [paragraph ends],ONB_wsb_19140912.xml,5,facs_5_tr_1784277259_tl_3,paragraph,https://beta.transkribus.org/collection/XXXXXX/doc/XXXXXXX/edit?pageNr=5
n,>=10,short,0,ab,am,10.8,stiegen im Rudolfshof [ab]  [paragraph ends],ONB_wsb_19340812.xml,3,facs_3_tr_1763317930_tl_9,paragraph,https://beta.transkribus.org/collection/XXXXXX/doc/XXXXXXX/edit?pageNr=3
n,>=10,short,1,ung,und,10.6,"buy, den kgl. StaatsSekr. Bodrero und den kgl. [ung] Min",ONB_wsb_19271127.xml,3,facs_3_tr_1752356132_tl_3,paragraph,https://beta.transkribus.org/collection/XXXXXX/doc/XXXXXXX/edit?pageNr=3
n,>=10,short,1,Dem,Der,11.0,"nahm, im Schloßhof statt. [Dem] Sarg",ONB_wsb_19341007.xml,10,facs_10_r_tl_21,paragraph,https://beta.transkribus.org/collection/XXXXXX/doc/XXXXXXX/edit?pageNr=10
y,>=10,short,1,den,dem,10.2,glieder des Reichsbundes der Oesterreicher unter [den] Vorsitze,ONB_wsb_19260530.xml,2,facs_2_tr_1752222320_tl_3,paragraph,https://beta.transkribus.org/collection/XXXXXX/doc/XXXXXXX/edit?pageNr=2
n,>=10,short,1,Gen,Ges,11.9,der polnische [Gen] Emil,ONB_wsb_19250809.xml,9,facs_9_r_tl_4,paragraph,https://beta.transkribus.org/collection/XXXXXX/doc/XXXXXXX/edit?pageNr=9
n,>=10,short,1,di,du,11.9,Duca Caracciola [di] Brienza,ONB_wsb_19320703.xml,9,facs_9_tr_1761041365_tl_7,paragraph,https://beta.transkribus.org/collection/XXXXXX/doc/XXXXXXX/edit?pageNr=9
y,>=10,short,1,der,den,11.3,Dejeuner. Unter [der] Gästen,ONB_wsb_19221230.xml,2,facs_2_tr_1748188350_tl_7,paragraph,https://beta.transkribus.org/collection/XXXXXX/doc/XXXXXXX/edit?pageNr=2
n,>=10,short,1,ab,am,10.5,Dienst als Befehlshaber im Wehrkreis II in Stettin [ab] GenLt,ONB_wsb_19380403.xml,6,facs_6_tr_1766143910_tl_4,paragraph,https://beta.transkribus.org/collection/XXXXXX/doc/XXXXXXX/edit?pageNr=6
n,>=10,short,1,ung,und,10.6,"k. u. k. Km., GehRates und kgl. [ung] StaatsSekr",ONB_wsb_19360712.xml,6,facs_6_tr_1765493311_tl_3,paragraph,https://beta.transkribus.org/collection/XXXXXX/doc/XXXXXXX/edit?pageNr=6
n,>=10,short,1,vor,von,10.0,In Anettenhöh [vor] Schleswig,ONB_wsb_19231222.xml,9,facs_9_tr_1750157592_tl_1,paragraph,https://beta.transkribus.org/collection/XXXXXX/doc/XXXXXXX/edit?pageNr=9
n,>=10,short,1,ab,am,10.2,der Kolowrat ließ daselbst ein prachtvolles Feuerwerk [ab] brennen,ONB_wsb_19240608.xml,3,facs_3_tr_1751061382_tl_17,paragraph,https://beta.transkribus.org/collection/XXXXXX/doc/XXXXXXX/edit?pageNr=3
n,>=10,short,1,den,des,11.8,"Oberhausmitglied Dr. Andreas v. Rakovszky, [den] Reichstagsabgeordneten",ONB_wsb_19370725.xml,7,facs_7_tr_1766143497_tl_3,paragraph,https://beta.transkribus.org/collection/XXXXXX/doc/XXXXXXX/edit?pageNr=7
n,>=10,short,1,ung,und,10.0,Seine Exz. der kgl. [ung] MinPräs,ONB_wsb_19260725.xml,3,facs_3_tr_1752222604_tl_1,paragraph,https://beta.transkribus.org/collection/XXXXXX/doc/XXXXXXX/edit?pageNr=3
n,>=10,short,1,uns,und,10.0,"Frau Pieschl-Friedhorst, hatte die Liebenswürdigkeit, [uns] zu",ONB_wsb_19211210.xml,11,facs_11_tr_1742402814_tl_2,paragraph,https://beta.transkribus.org/collection/XXXXXX/doc/XXXXXXX/edit?pageNr=11
n,>=10,short,1,di,de,10.3,"Principe di Cerveteri, Marchese di Riano, 14. Conte [di] Vignanello",ONB_wsb_19240907.xml,4,facs_4_tr_1751061620_tl_3,paragraph,https://beta.transkribus.org/collection/XXXXXX/doc/XXXXXXX/edit?pageNr=4
n,>=10,short,1,ab,an,10.4,Stauds wickelt sich ein recht unterhaltsamer Abend [ab] Frau,ONB_wsb_19290901.xml,12,facs_12_tr_1753561137_tl_5,paragraph,https://beta.transkribus.org/collection/XXXXXX/doc/XXXXXXX/edit?pageNr=12
n,>=10,short,1,da,di,11.9,"auf Clavecin, Viola [da] Gamba",ONB_wsb_19230127.xml,3,facs_3_tr_1750157471_tl_21,paragraph,https://beta.transkribus.org/collection/XXXXXX/doc/XXXXXXX/edit?pageNr=3
n,>=10,short,1,daß,das,10.4,"Börsensaale vor sich gehen wird. Das hat den Vorteil, [daß] Angebot",ONB_wsb_19160226.xml,11,facs_11_tr_1780432505_tl_13,paragraph,https://beta.transkribus.org/collection/XXXXXX/doc/XXXXXXX/edit?pageNr=11
n,>=8,long,0,stattfindet,stattfinden,8.9,und Alice Grab-Hermannswörth am 15. Jänner [stattfindet]  [paragraph ends],ONB_wsb_19240105.xml,12,facs_12_tr_1751061584_tl_4,paragraph,https://beta.transkribus.org/collection/XXXXXX/doc/XXXXXXX/edit?pageNr=12
n,>=8,long,0,übersiedeln,übersiedelt,9.7,Adldorf wieder in ihr Münchner Heim [übersiedeln]  [paragraph ends],ONB_wsb_19361101.xml,10,facs_10_tr_1765493466_tl_3,paragraph,https://beta.transkribus.org/collection/XXXXXX/doc/XXXXXXX/edit?pageNr=10
n,>=8,long,0,leiden,leidet,9.9,unter diesem Vorgehen Englands schwer [leiden]  [paragraph ends],ONB_wsb_19141024.xml,11,facs_11_tr_1784277158_tl_15,paragraph,https://beta.transkribus.org/collection/XXXXXX/doc/XXXXXXX/edit?pageNr=11
n,>=8,long,0,befinden,befindet,8.4,Maritta und Katyi Teleki [befinden]  [paragraph ends],ONB_wsb_19300831.xml,4,facs_4_tr_1754164951_tl_4,paragraph,https://beta.transkribus.org/collection/XXXXXX/doc/XXXXXXX/edit?pageNr=4
n,>=8,long,0,Kreisen,Kreises,9.0,Aus militärischen [Kreisen]  [paragraph ends],ONB_wsb_19180608.xml,11,facs_11_tr_1769553618_tl_1,heading,https://beta.transkribus.org/collection/XXXXXX/doc/XXXXXXX/edit?pageNr=11
n,>=8,long,0,stattfindet,stattfinden,8.1,und von 1—½3 Uhr [stattfindet]  [paragraph ends],ONB_wsb_19201225.xml,4,facs_4_tr_1738871858_tl_8,paragraph,https://beta.transkribus.org/collection/XXXXXX/doc/XXXXXXX/edit?pageNr=4
n,>=8,long,0,übersiedeln,übersiedelt,9.0,Monats nach ihrer Neuwaldegger Villa [übersiedeln]  [paragraph ends],ONB_wsb_19220513.xml,8,facs_8_tr_1748188153_tl_5,paragraph,https://beta.transkribus.org/collection/XXXXXX/doc/XXXXXXX/edit?pageNr=8
n,>=8,long,0,Gerhard,Gerhart,8.6,Frau Kommerzialrat I. B. mit ihrem Sohne [Gerhard]  [paragraph ends],ONB_wsb_19341230.xml,9,facs_9_tr_1763318149_tl_1,image-caption,https://beta.transkribus.org/collection/XXXXXX/doc/XXXXXXX/edit?pageNr=9
n,>=8,long,0,bilden,bildet,8.7,schen Hauptstadt [bilden]  [paragraph ends],ONB_wsb_19250405.xml,6,facs_6_tr_1751545529_tl_23,paragraph,https://beta.transkribus.org/collection/XXXXXX/doc/XXXXXXX/edit?pageNr=6
n,>=8,long,0,stattfinden,stattfindet,9.1,des kommenden Jahres [stattfinden]  [paragraph ends],ONB_wsb_19321204.xml,6,facs_6_tr_1761041583_tl_13,paragraph,https://beta.transkribus.org/collection/XXXXXX/doc/XXXXXXX/edit?pageNr=6
n,>=8,long,0,Cary,Carl,8.5,Ida Freifrau von Drathschmidt geb. Ellissen mit ihrem Sohne [Cary]  [paragraph ends],ONB_wsb_19190118.xml,5,facs_5_r_11_tl_1,image-caption,https://beta.transkribus.org/collection/XXXXXX/doc/XXXXXXX/edit?pageNr=5
n,>=8,long,0,findet,finden,8.2,Herrenreitern großes Interesse [findet]  [paragraph ends],ONB_wsb_19350210.xml,16,facs_16_tr_1764797331_tl_6,paragraph,https://beta.transkribus.org/collection/XXXXXX/doc/XXXXXXX/edit?pageNr=16
n,>=8,long,0,Theresa,Therese,9.1,"Karlsbad, Villa [Theresa]  [paragraph ends]",ONB_wsb_19330730.xml,4,facs_4_tr_1762177664_tl_3,paragraph,https://beta.transkribus.org/collection/XXXXXX/doc/XXXXXXX/edit?pageNr=4
n,>=8,long,0,stattfinden,stattfindet,9.1,Oktober dieses Jahres [stattfinden]  [paragraph ends],ONB_wsb_19160708.xml,5,facs_5_tr_1780432133_tl_4,paragraph,https://beta.transkribus.org/collection/XXXXXX/doc/XXXXXXX/edit?pageNr=5
n,>=8,long,0,bildet,bilden,9.2,schönste Aufgabe Meines Lebens [bildet]  [paragraph ends],ONB_wsb_19150703.xml,2,facs_2_tr_1781988644_tl_6,paragraph,https://beta.transkribus.org/collection/XXXXXX/doc/XXXXXXX/edit?pageNr=2
n,>=8,long,0,leiten,leitet,9.9,lich den Basar ihres Herminen-Hilfswerkes selbst [leiten]  [paragraph ends],ONB_wsb_19351117.xml,4,facs_4_tr_1764797720_tl_3,paragraph,https://beta.transkribus.org/collection/XXXXXX/doc/XXXXXXX/edit?pageNr=4
n,>=8,long,0,befindet,befinden,9.1,miliengruft der Fürsten Stirbey [befindet]  [paragraph ends],ONB_wsb_19251018.xml,12,facs_12_tr_1751545767_tl_2,paragraph,https://beta.transkribus.org/collection/XXXXXX/doc/XXXXXXX/edit?pageNr=12
n,>=8,long,1,Margareta,Margarete,8.7,Fritz und Gräfin [Margareta] Kinsky,ONB_wsb_19341202.xml,5,facs_5_tr_1763318100_tl_8,paragraph,https://beta.transkribus.org/collection/XXXXXX/doc/XXXXXXX/edit?pageNr=5
n,>=8,long,1,ihres,ihrem,9.6,als Mutter während des gegenseitigen Geständnisses [ihres] verlorenen,ONB_wsb_19250405.xml,14,facs_14_tr_1751545530_tl_9,paragraph,https://beta.transkribus.org/collection/XXXXXX/doc/XXXXXXX/edit?pageNr=14
n,>=8,long,1,Ihren,Ihrer,9.0,"Sidonie geb. Prinzessin v. Lobkowitz, StkrD.). Mit [Ihren] Durchlauchten",ONB_wsb_19150612.xml,8,facs_8_tr_1781988719_tl_10,paragraph,https://beta.transkribus.org/collection/XXXXXX/doc/XXXXXXX/edit?pageNr=8
n,>=8,long,1,einer,eines,9.6,Seitensprung verzeihen. Darin liegt die große Kraft [einer] vernünftigen,ONB_wsb_19200918.xml,10,facs_10_tr_1738871867_tl_4,paragraph,https://beta.transkribus.org/collection/XXXXXX/doc/XXXXXXX/edit?pageNr=10
n,>=8,long,1,diesem,diesen,8.9,"leichtes ist, denn alles ist modern, und so gibt es in [diesem] Punkt",ONB_wsb_19200904.xml,10,facs_10_tr_1738871955_tl_16,paragraph,https://beta.transkribus.org/collection/XXXXXX/doc/XXXXXXX/edit?pageNr=10
n,>=8,long,1,kurzem,kurzer,8.2,graues Reisekleid aus Samt mit gleichfarbenem [kurzem] Mantel,ONB_wsb_19351117.xml,3,facs_3_tr_1764797717_tl_4,paragraph,https://beta.transkribus.org/collection/XXXXXX/doc/XXXXXXX/edit?pageNr=3
n,>=8,long,1,eines,einer,8.6,die Vergänglichkeit der Saison. Der breite Rand [eines] havannabraunen,ONB_wsb_19230512.xml,18,facs_18_tr_1750157667_tl_15,paragraph,https://beta.transkribus.org/collection/XXXXXX/doc/XXXXXXX/edit?pageNr=18
n,>=8,long,1,dritter,dritten,9.5,"v. Schönberger, mit Frl. Désirée Marchet, [dritter] Tochter",ONB_wsb_19180512.xml,5,facs_5_r_4_tl_10,paragraph,https://beta.transkribus.org/collection/XXXXXX/doc/XXXXXXX/edit?pageNr=5
n,>=8,long,1,Nini,Nina,9.4,"Pia Mittrowsky, Frau [Nini] Gray",ONB_wsb_19290901.xml,7,facs_7_tr_1753561141_tl_7,paragraph,https://beta.transkribus.org/collection/XXXXXX/doc/XXXXXXX/edit?pageNr=7
n,>=8,long,1,würdigen,würdiger,9.6,das einen ebenso [würdigen] wie,ONB_wsb_19320424.xml,2,facs_2_tr_1761041276_tl_12,paragraph,https://beta.transkribus.org/collection/XXXXXX/doc/XXXXXXX/edit?pageNr=2
n,>=8,long,1,gleicher,gleichen,8.5,"immer hart an der Front, unermüdlich in stets [gleicher] Selbstaufopferung",ONB_wsb_19160219.xml,5,facs_5_tr_1780432519_tl_38,paragraph,https://beta.transkribus.org/collection/XXXXXX/doc/XXXXXXX/edit?pageNr=5
y,>=8,long,1,seinen,seinem,9.1,kam der Erzherzog mit [seinen] Kammervorsteher,ONB_wsb_19140725.xml,3,facs_3_tr_1784277418_tl_21,paragraph,https://beta.transkribus.org/collection/XXXXXX/doc/XXXXXXX/edit?pageNr=3
n,>=8,long,1,einen,eines,8.1,Frau folgte. Er bekam über sein traunges Schicksal [einen] Wutanfall,ONB_wsb_19260404.xml,15,facs_15_tr_1752222608_tl_3,paragraph,https://beta.transkribus.org/collection/XXXXXX/doc/XXXXXXX/edit?pageNr=15
n,>=8,long,1,weiß,weit,8.7,Reise! Aber [weiß] mans,ONB_wsb_19230707.xml,11,facs_11_tr_1750157351_tl_15,paragraph,https://beta.transkribus.org/collection/XXXXXX/doc/XXXXXXX/edit?pageNr=11
n,>=8,long,1,reichen,reicher,8.9,Aussehen nicht zufrieden erscheint und ihrer so [reichen] Begabung,ONB_wsb_19240301.xml,14,facs_14_tr_1751061350_tl_19,paragraph,https://beta.transkribus.org/collection/XXXXXX/doc/XXXXXXX/edit?pageNr=14
n,>=8,long,1,ihrer,ihres,9.5,Feier des Geburtsfestes [ihrer] einzigen,ONB_wsb_19311011.xml,2,facs_2_tr_1758291150_tl_8,paragraph,https://beta.transkribus.org/collection/XXXXXX/doc/XXXXXXX/edit?pageNr=2
n,>=8,long,1,ihrer,ihres,8.1,reichbar dastand. Sie verließ sehr bald die Stätte [ihrer] Triumphe,ONB_wsb_19221118.xml,8,facs_8_tr_1748188326_tl_18,paragraph,https://beta.transkribus.org/collection/XXXXXX/doc/XXXXXXX/edit?pageNr=8
n,>=8,short,0,ab,am,8.1,Aosta unverzüglich nach dem fernen Osten [ab]  [paragraph ends],ONB_wsb_19230609.xml,2,facs_2_tr_1750157413_tl_4,paragraph,https://beta.transkribus.org/collection/XXXXXX/doc/XXXXXXX/edit?pageNr=2
n,>=8,short,0,ab,am,8.4,tätige Zwecke [ab]  [paragraph ends],ONB_wsb_19380306.xml,7,facs_7_tr_1766143849_tl_25,paragraph,https://beta.transkribus.org/collection/XXXXXX/doc/XXXXXXX/edit?pageNr=7
n,>=8,short,0,vor,von,8.2,Mozarts Großes Requiem [vor]  [paragraph ends],ONB_wsb_19230512.xml,3,facs_3_tr_1750157667_tl_6,paragraph,https://beta.transkribus.org/collection/XXXXXX/doc/XXXXXXX/edit?pageNr=3
n,>=8,short,0,ab,am,9.0,Castelnuovo wurde versetzt und reiste von Budapest [ab]  [paragraph ends],ONB_wsb_19240921.xml,6,facs_6_tr_1751061283_tl_3,paragraph,https://beta.transkribus.org/collection/XXXXXX/doc/XXXXXXX/edit?pageNr=6
n,>=8,short,0,ab,am,8.6,Cannes [ab]  [paragraph ends],ONB_wsb_19220107.xml,7,facs_7_tr_1748188059_tl_15,paragraph,https://beta.transkribus.org/collection/XXXXXX/doc/XXXXXXX/edit?pageNr=7
n,>=8,short,0,vor,von,8.8,"nen war, das Regiment im Parademarsch im Galopp [vor]  [paragraph ends]",ONB_wsb_19140718.xml,4,facs_4_tr_1784277449_tl_4,paragraph,https://beta.transkribus.org/collection/XXXXXX/doc/XXXXXXX/edit?pageNr=4
n,>=8,short,0,ab,am,9.0,weilt in Pistyan und stieg im Thermia Palace [ab]  [paragraph ends],ONB_wsb_19371114.xml,11,facs_11_tr_1766143642_tl_2,paragraph,https://beta.transkribus.org/collection/XXXXXX/doc/XXXXXXX/edit?pageNr=11
n,>=8,short,0,an,am,9.6,des Ordens an der Südfront [an]  [paragraph ends],ONB_wsb_19170421.xml,5,facs_5_tr_1779049238_tl_4,paragraph,https://beta.transkribus.org/collection/XXXXXX/doc/XXXXXXX/edit?pageNr=5
n,>=8,short,0,ab,am,8.8,"sich der Statthalter, der seinen Souverän begleitet hatte, [ab]  [paragraph ends]",ONB_wsb_19170610.xml,4,facs_4_tr_1779049107_tl_6,paragraph,https://beta.transkribus.org/collection/XXXXXX/doc/XXXXXXX/edit?pageNr=4
n,>=8,short,0,ab,an,9.5,den Titel »Graf bezw. Gräfin« freiwillig [ab]  [paragraph ends],ONB_wsb_19181123.xml,6,facs_6_tr_1769554386_tl_7,paragraph,https://beta.transkribus.org/collection/XXXXXX/doc/XXXXXXX/edit?pageNr=6
n,>=8,short,0,ab,am,9.0,mia Palace [ab]  [paragraph ends],ONB_wsb_19240907.xml,4,facs_4_tr_1751061622_tl_4,paragraph,https://beta.transkribus.org/collection/XXXXXX/doc/XXXXXXX/edit?pageNr=4
n,>=8,short,0,ab,an,9.9,reich [ab]  [paragraph ends],ONB_wsb_19350210.xml,13,facs_13_tr_1764797322_tl_13,paragraph,https://beta.transkribus.org/collection/XXXXXX/doc/XXXXXXX/edit?pageNr=13
n,>=8,short,0,an,am,9.2,may kamen in Reims [an]  [paragraph ends],ONB_wsb_19231124.xml,3,facs_3_tr_1750157442_tl_3,paragraph,https://beta.transkribus.org/collection/XXXXXX/doc/XXXXXXX/edit?pageNr=3
n,>=8,short,0,ab,am,8.1,Berlin nach dem Osten [ab]  [paragraph ends],ONB_wsb_19170728.xml,3,facs_3_tr_1779048968_tl_3,paragraph,https://beta.transkribus.org/collection/XXXXXX/doc/XXXXXXX/edit?pageNr=3
n,>=8,short,0,ab,an,9.3,Monarch von Laxenburg [ab]  [paragraph ends],ONB_wsb_19170331.xml,3,facs_3_tr_1779049309_tl_14,paragraph,https://beta.transkribus.org/collection/XXXXXX/doc/XXXXXXX/edit?pageNr=3
n,>=8,short,0,dar,das,8.3,"Stolberg geb. Prinzessin v. Lobkowitz, [dar]  [paragraph ends]",ONB_wsb_19150227.xml,8,facs_8_tr_1781989023_tl_6,paragraph,https://beta.transkribus.org/collection/XXXXXX/doc/XXXXXXX/edit?pageNr=8
n,>=8,short,0,ab,am,9.7,wieder zu seinem Truppenteile an die Ostfront [ab]  [paragraph ends],ONB_wsb_19150904.xml,3,facs_3_tr_1781988494_tl_3,paragraph,https://beta.transkribus.org/collection/XXXXXX/doc/XXXXXXX/edit?pageNr=3
n,>=8,short,1,May,Mai,9.1,der Villa des Herrn v. [May] traten,ONB_wsb_19170127.xml,5,facs_5_tr_1779049459_tl_18,paragraph,https://beta.transkribus.org/collection/XXXXXX/doc/XXXXXXX/edit?pageNr=5
n,>=8,short,1,zum,zur,9.9,"das, in christlicher Auffassung, die endliche Einkehr [zum] reinen",ONB_wsb_19151002.xml,7,facs_7_tr_1781988412_tl_7,paragraph,https://beta.transkribus.org/collection/XXXXXX/doc/XXXXXXX/edit?pageNr=7
n,>=8,short,1,den,der,8.7,"sitzende des schweren Verlustes, [den] die",ONB_wsb_19170602.xml,10,facs_10_tr_1779049135_tl_10,ad-content,https://beta.transkribus.org/collection/XXXXXX/doc/XXXXXXX/edit?pageNr=10
y,>=8,short,1,vor,von,8.2,"durch die deutsch-bulgarischen Truppen, die nichts [vor] seiner",ONB_wsb_19210319.xml,5,facs_5_tr_1748027541_tl_4,paragraph,https://beta.transkribus.org/collection/XXXXXX/doc/XXXXXXX/edit?pageNr=5
n,>=8,short,1,den,des,8.4,"Die in Gott ruhende Gräfin hinterläßt einen Sohn, [den] kgl",ONB_wsb_19290804.xml,11,facs_11_tr_1753561308_tl_3,paragraph,https://beta.transkribus.org/collection/XXXXXX/doc/XXXXXXX/edit?pageNr=11
n,>=8,short,1,was,war,9.4,"Standes zugetragen, [was] hauptsächlich",ONB_wsb_19310719.xml,2,facs_2_tr_1758291040_tl_5,paragraph,https://beta.transkribus.org/collection/XXXXXX/doc/XXXXXXX/edit?pageNr=2
n,>=8,short,1,Es,Er,8.1,Herrn willkommen hieß. [Es] wurde,ONB_wsb_19170331.xml,3,facs_3_r_tl_5,paragraph,https://beta.transkribus.org/collection/XXXXXX/doc/XXXXXXX/edit?pageNr=3
n,>=8,short,1,den,dem,9.3,Auf S. 6 folgt eine vor dem Abmarsche auf [den] südlichen,ONB_wsb_19141114.xml,6,facs_6_tr_1784277099_tl_1,paragraph,https://beta.transkribus.org/collection/XXXXXX/doc/XXXXXXX/edit?pageNr=6
n,>=8,short,1,den,der,8.6,Sanvitale fand noch nicht ganz den Ubereinklang mit [den] Vorgenannten,ONB_wsb_19191101.xml,8,facs_8_tr_1734448913_tl_9,paragraph,https://beta.transkribus.org/collection/XXXXXX/doc/XXXXXXX/edit?pageNr=8
y,>=8,short,1,Der,Den,9.9,"Filippo Sartorio, Patriziers von Triest, statt. [Der] Trauungsakt",ONB_wsb_19251115.xml,8,facs_8_tr_1751545697_tl_5,paragraph,https://beta.transkribus.org/collection/XXXXXX/doc/XXXXXXX/edit?pageNr=8
n,>=8,short,1,all,als,9.6,"esse, das sich bereits jetzt [all] seits",ONB_wsb_19291013.xml,14,facs_14_tr_1753561019_tl_13,paragraph,https://beta.transkribus.org/collection/XXXXXX/doc/XXXXXXX/edit?pageNr=14
n,>=8,short,1,den,dem,9.4,Frau Richard Haniel geb. Freiin v. Levetzow auf [den] Hahnhof,ONB_wsb_19350210.xml,4,facs_4_tr_1764797308_tl_3,paragraph,https://beta.transkribus.org/collection/XXXXXX/doc/XXXXXXX/edit?pageNr=4
y,>=8,short,1,der,den,9.1,Reichspräsident v. Hindenburg verbringt [der] Sommer,ONB_wsb_19270724.xml,2,facs_2_tr_1752356202_tl_1,paragraph,https://beta.transkribus.org/collection/XXXXXX/doc/XXXXXXX/edit?pageNr=2
n,>=8,short,1,daß,das,8.7,"Seit 1870 war es am 20. Nov. zum ersten Male, [daß] im",ONB_wsb_19141212.xml,6,facs_6_tr_1784277024_tl_1,paragraph,https://beta.transkribus.org/collection/XXXXXX/doc/XXXXXXX/edit?pageNr=6
n,>=8,short,1,im,in,8.3,lich vom Winteraufenthalt [im] bayrischen,ONB_wsb_19370418.xml,3,facs_3_tr_1766143336_tl_6,paragraph,https://beta.transkribus.org/collection/XXXXXX/doc/XXXXXXX/edit?pageNr=3
n,>=8,short,1,in,im,8.2,"habenem Dreiklang, der alle Wirrnis des Einzeldaseins [in] Hinblick",ONB_wsb_19290303.xml,20,facs_20_tr_1753561383_tl_6,paragraph,https://beta.transkribus.org/collection/XXXXXX/doc/XXXXXXX/edit?pageNr=20
n,>=8,short,1,den,der,8.6,"Uebliches, wo der Jan [den] Tobi",ONB_wsb_19310314.xml,17,facs_17_tr_1758290855_tl_3,paragraph,https://beta.transkribus.org/collection/XXXXXX/doc/XXXXXXX/edit?pageNr=17
n,>=6,long,0,eröffnet,eröffnen,6.7,trieb am 10. Mai [eröffnet]  [paragraph ends],ONB_wsb_19310524.xml,6,facs_6_tr_1758290974_tl_5,paragraph,https://beta.transkribus.org/collection/XXXXXX/doc/XXXXXXX/edit?pageNr=6
n,>=6,long,0,stattfindet,stattfinden,7.6,deren Vermählung am 26. Oktober in der Karlskirche zu Wien [stattfindet]  [paragraph ends],ONB_wsb_19351006.xml,3,facs_3_tr_1764797662_tl_2,image-caption,https://beta.transkribus.org/collection/XXXXXX/doc/XXXXXXX/edit?pageNr=3
n,>=6,long,0,Sachs,Sache,7.6,leistung war der [Sachs]  [paragraph ends],ONB_wsb_19190208.xml,10,facs_10_tr_1732357144_tl_9,paragraph,https://beta.transkribus.org/collection/XXXXXX/doc/XXXXXXX/edit?pageNr=10
n,>=6,long,0,Grab,Graf,6.0,ans [Grab]  [paragraph ends],ONB_wsb_19371003.xml,13,facs_13_tr_1766143586_tl_1,paragraph,https://beta.transkribus.org/collection/XXXXXX/doc/XXXXXXX/edit?pageNr=13
n,>=6,long,0,Tages,Tagen,7.1,daß der Klub trotz seiner beschränkten Mittel den [Tages]  [paragraph ends],ONB_wsb_19190201.xml,7,facs_7_tr_1732357150_tl_9,paragraph,https://beta.transkribus.org/collection/XXXXXX/doc/XXXXXXX/edit?pageNr=7
n,>=6,long,0,stattfindet,stattfinden,7.6,deren Vermählung am 4. Juni zu Wien [stattfindet]  [paragraph ends],ONB_wsb_19350519.xml,1,facs_1_tr_1764797463_tl_3,image-caption,https://beta.transkribus.org/collection/XXXXXX/doc/XXXXXXX/edit?pageNr=1
n,>=6,long,0,findet,finden,7.0,chem Renntag das Meeting sein Ende [findet]  [paragraph ends],ONB_wsb_19360614.xml,15,facs_15_tr_1765493284_tl_31,paragraph,https://beta.transkribus.org/collection/XXXXXX/doc/XXXXXXX/edit?pageNr=15
n,>=6,long,0,ihres,ihrer,7.7,ihrer Mutter und das lebensfrohe Temperament [ihres]  [paragraph ends],ONB_wsb_19370124.xml,2,facs_2_r_tl_52,paragraph,https://beta.transkribus.org/collection/XXXXXX/doc/XXXXXXX/edit?pageNr=2
n,>=6,long,0,Baworowska,Baworowski,7.1,Gräfin Marie [Baworowska]  [paragraph ends],ONB_wsb_19170303.xml,8,facs_8_tr_1779049379_tl_10,paragraph,https://beta.transkribus.org/collection/XXXXXX/doc/XXXXXXX/edit?pageNr=8
n,>=6,long,0,Calm,Call,7.3,Nach einem Pastell von Oskar von [Calm]  [paragraph ends],ONB_wsb_19300525.xml,10,facs_10_tr_1754165217_tl_2,image-credit,https://beta.transkribus.org/collection/XXXXXX/doc/XXXXXXX/edit?pageNr=10
n,>=6,long,0,bedeuten,bedeutet,6.0,Was sollte das [bedeuten]  [paragraph ends],ONB_wsb_19250111.xml,16,facs_16_tr_1751545356_tl_1,paragraph,https://beta.transkribus.org/collection/XXXXXX/doc/XXXXXXX/edit?pageNr=16
n,>=6,long,0,erwartet,erwarten,6.8,"meistens dasjenige, was man nicht [erwartet]  [paragraph ends]",ONB_wsb_19200515.xml,8,facs_8_tr_1738849797_tl_7,paragraph,https://beta.transkribus.org/collection/XXXXXX/doc/XXXXXXX/edit?pageNr=8
n,>=6,long,0,Calm,Call,7.3,Nach einem Pastell von Oscar von [Calm]  [paragraph ends],ONB_wsb_19250419.xml,1,facs_1_tr_1751545755_tl_1,image-credit,https://beta.transkribus.org/collection/XXXXXX/doc/XXXXXXX/edit?pageNr=1
n,>=6,long,0,findet,finden,7.0,31. Mai sein Ende [findet]  [paragraph ends],ONB_wsb_19330423.xml,10,facs_10_tr_1762177599_tl_4,paragraph,https://beta.transkribus.org/collection/XXXXXX/doc/XXXXXXX/edit?pageNr=10
n,>=6,long,0,Calm,Call,7.3,Nach einem Pastell von Oskar von [Calm]  [paragraph ends],ONB_wsb_19280108.xml,3,facs_3_tr_1753391170_tl_1,image-credit,https://beta.transkribus.org/collection/XXXXXX/doc/XXXXXXX/edit?pageNr=3
n,>=6,long,0,stattfindet,stattfinden,7.6,kapelle zu Wien [stattfindet]  [paragraph ends],ONB_wsb_19341230.xml,2,facs_2_tr_1763318137_tl_4,image-caption,https://beta.transkribus.org/collection/XXXXXX/doc/XXXXXXX/edit?pageNr=2
n,>=6,long,0,Isabella,Isabelle,6.7,erhielt den Namen [Isabella]  [paragraph ends],ONB_wsb_19360628.xml,4,facs_4_tr_1765493306_tl_28,paragraph,https://beta.transkribus.org/collection/XXXXXX/doc/XXXXXXX/edit?pageNr=4
n,>=6,long,1,Ihrem,Ihrer,7.5,"házy und dem üblichen Gefolge, nach Dresden, um [Ihrem] Oheime",ONB_wsb_19180831.xml,6,facs_6_tr_1769553991_tl_5,paragraph,https://beta.transkribus.org/collection/XXXXXX/doc/XXXXXXX/edit?pageNr=6
y,>=6,long,1,tiefster,tiefsten,7.4,"man sich unterhält, aber eine Aufführung, die im [tiefster] ergreit",ONB_wsb_19371128.xml,15,facs_15_tr_1766143677_tl_17,paragraph,https://beta.transkribus.org/collection/XXXXXX/doc/XXXXXXX/edit?pageNr=15
n,>=6,long,1,kleiner,kleinen,7.7,im Bilde. Ihr herziger [kleiner] Sohn,ONB_wsb_19210219.xml,6,facs_6_tr_1739921042_tl_8,paragraph,https://beta.transkribus.org/collection/XXXXXX/doc/XXXXXXX/edit?pageNr=6
n,>=6,long,1,ihrer,ihrem,7.7,"dalena Hoyos hat Illustrationen geschaffen, die in [ihrer] geschmackvollen",ONB_wsb_19350601.xml,18,facs_18_tr_1764797488_tl_13,paragraph,https://beta.transkribus.org/collection/XXXXXX/doc/XXXXXXX/edit?pageNr=18
n,>=6,long,1,einer,einen,6.6,"Prinzessin Faika, die 12 Jahre alt ist, wählte sich [einer] Sohn",ONB_wsb_19380612.xml,8,facs_8_tr_1766143984_tl_10,paragraph,https://beta.transkribus.org/collection/XXXXXX/doc/XXXXXXX/edit?pageNr=8
n,>=6,long,1,jeder,jeden,6.9,"gan und Stahl-Nachbaur, jeder nicht schlecht, aber [jeder] etwas",ONB_wsb_19170127.xml,11,facs_11_tr_1779049472_tl_7,paragraph,https://beta.transkribus.org/collection/XXXXXX/doc/XXXXXXX/edit?pageNr=11
n,>=6,long,1,persönlichen,persönlicher,6.3,bekanntlich der [persönlichen] Freundschaft,ONB_wsb_19360209.xml,3,facs_3_tr_1765493106_tl_4,paragraph,https://beta.transkribus.org/collection/XXXXXX/doc/XXXXXXX/edit?pageNr=3
n,>=6,long,1,begeisterter,begeisterten,7.0,sind zalle mit [begeisterter] Aufopferung,ONB_wsb_19190201.xml,5,facs_5_tr_1732357137_tl_9,paragraph,https://beta.transkribus.org/collection/XXXXXX/doc/XXXXXXX/edit?pageNr=5
n,>=6,long,1,seinen,seinem,6.7,stoffe in unerreichter Schönheit und Güte bietet [seinen] vornehmen,ONB_wsb_19300511.xml,17,facs_17_tr_1754165246_tl_9,paragraph,https://beta.transkribus.org/collection/XXXXXX/doc/XXXXXXX/edit?pageNr=17
n,>=6,long,1,ihres,ihrer,8.0,"ihrer Stimme, sondern auch mit dem Ausdruck [ihres] ganzen",ONB_wsb_19330226.xml,15,facs_15_tr_1762177497_tl_20,paragraph,https://beta.transkribus.org/collection/XXXXXX/doc/XXXXXXX/edit?pageNr=15
n,>=6,long,1,starken,starkes,6.0,"schwand sie auf kurze Zeit und kehrte, von einem [starken] Parfum",ONB_wsb_19250628.xml,16,facs_16_tr_1751545513_tl_19,paragraph,https://beta.transkribus.org/collection/XXXXXX/doc/XXXXXXX/edit?pageNr=16
n,>=6,long,1,eines,einer,7.6,Glaser nur noch mit Hilfe [eines] einzigen,ONB_wsb_19270403.xml,6,facs_6_tr_1752356458_tl_46,paragraph,https://beta.transkribus.org/collection/XXXXXX/doc/XXXXXXX/edit?pageNr=6
n,>=6,long,1,Marie,Maria,6.3,"Haus Quisisana), [Marie] Clara",ONB_wsb_19270529.xml,5,facs_5_tr_1752356325_tl_16,paragraph,https://beta.transkribus.org/collection/XXXXXX/doc/XXXXXXX/edit?pageNr=5
n,>=6,long,1,Gesandter,Gesandten,6.2,"sich eingefunden: Exz. Sir W. G. Maxmüller, [Gesandter] von",ONB_wsb_19261226.xml,9,facs_9_tr_1752222327_tl_12,paragraph,https://beta.transkribus.org/collection/XXXXXX/doc/XXXXXXX/edit?pageNr=9
n,>=6,long,1,zeichnen,zeichnet,7.9,gefaßte Rhythmen [zeichnen] Paul,ONB_wsb_19330226.xml,16,facs_16_tr_1762177489_tl_7,paragraph,https://beta.transkribus.org/collection/XXXXXX/doc/XXXXXXX/edit?pageNr=16
n,>=6,long,1,herrlichem,herrlicher,6.6,breiten Berte in [herrlichem] Filet,ONB_wsb_19330115.xml,17,facs_17_tr_1762176442_tl_10,paragraph,https://beta.transkribus.org/collection/XXXXXX/doc/XXXXXXX/edit?pageNr=17
n,>=6,long,1,diesem,diesen,7.8,"bereits einen Namen gemacht hat, kann Rom erst zu [diesem] Zeitpunkt",ONB_wsb_19290623.xml,4,facs_4_tr_1753561108_tl_5,paragraph,https://beta.transkribus.org/collection/XXXXXX/doc/XXXXXXX/edit?pageNr=4
n,>=6,short,0,an,am,6.1,"aus Pöstyén, Ungarn, in Grn. Milanovac in Serbien [an]  [paragraph ends]",ONB_wsb_19170623.xml,7,facs_7_tr_1779049078_tl_3,paragraph,https://beta.transkribus.org/collection/XXXXXX/doc/XXXXXXX/edit?pageNr=7
n,>=6,short,0,vor,von,7.2,in ihren usuellen Farben [vor]  [paragraph ends],ONB_wsb_19160101.xml,7,facs_7_tr_1780432645_tl_6,paragraph,https://beta.transkribus.org/collection/XXXXXX/doc/XXXXXXX/edit?pageNr=7
n,>=6,short,0,an,am,6.6,wieder auf Schloß Rückers bei Glatz in PreußSchlesien [an]  [paragraph ends],ONB_wsb_19140418.xml,10,facs_10_tr_1784277786_tl_3,paragraph,https://beta.transkribus.org/collection/XXXXXX/doc/XXXXXXX/edit?pageNr=10
n,>=6,short,0,vor,von,7.4,und die Prinzessinnen [vor]  [paragraph ends],ONB_wsb_19190412.xml,2,facs_2_tr_1732379858_tl_4,paragraph,https://beta.transkribus.org/collection/XXXXXX/doc/XXXXXXX/edit?pageNr=2
n,>=6,short,0,an,ab,6.5,im kgl. ung. Ministerium des Außeren [an]  [paragraph ends],ONB_wsb_19341202.xml,13,facs_13_tr_1763318099_tl_2,paragraph,https://beta.transkribus.org/collection/XXXXXX/doc/XXXXXXX/edit?pageNr=13
n,>=6,short,0,aus,auf,7.5,der Banken und Sparkassen weist stets wachsende Ziffern [aus]  [paragraph ends],ONB_wsb_19170728.xml,12,facs_12_tr_1779048978_tl_8,paragraph,https://beta.transkribus.org/collection/XXXXXX/doc/XXXXXXX/edit?pageNr=12
n,>=6,short,0,an,am,7.0,mutter der Prüfung im Augustastifte zu Potsdam [an]  [paragraph ends],ONB_wsb_19150313.xml,3,facs_3_tr_1781988989_tl_8,paragraph,https://beta.transkribus.org/collection/XXXXXX/doc/XXXXXXX/edit?pageNr=3
n,>=6,short,0,ab,am,7.5,der [ab]  [paragraph ends],ONB_wsb_19170210.xml,5,facs_5_tr_1779049443_tl_5,paragraph,https://beta.transkribus.org/collection/XXXXXX/doc/XXXXXXX/edit?pageNr=5
n,>=6,short,0,uns,und,7.9,"und nie mehr finden. Darum ist es besser, wir sagen [uns]  [paragraph ends]",ONB_wsb_19371017.xml,10,facs_10_tr_1766143604_tl_10,paragraph,https://beta.transkribus.org/collection/XXXXXX/doc/XXXXXXX/edit?pageNr=10
n,>=6,short,0,an,am,6.8,wöchentlichem Erholungsaufenthalte in Heidelberg [an]  [paragraph ends],ONB_wsb_19150529.xml,3,facs_3_tr_1781988764_tl_3,paragraph,https://beta.transkribus.org/collection/XXXXXX/doc/XXXXXXX/edit?pageNr=3
n,>=6,short,0,ab,an,7.9,"Bristol, neues Haus, [ab]  [paragraph ends]",ONB_wsb_19210903.xml,3,facs_3_tr_1748027491_tl_7,paragraph,https://beta.transkribus.org/collection/XXXXXX/doc/XXXXXXX/edit?pageNr=3
n,>=6,short,0,vor,von,7.2,Das Verleihungsrecht behalte Ich Mir [vor]  [paragraph ends],ONB_wsb_19170929.xml,3,facs_3_tr_1779048829_tl_1,paragraph,https://beta.transkribus.org/collection/XXXXXX/doc/XXXXXXX/edit?pageNr=3
n,>=6,short,0,vor,von,7.4,Péchy [vor]  [paragraph ends],ONB_wsb_19141107.xml,6,facs_6_tr_1784277133_tl_5,paragraph,https://beta.transkribus.org/collection/XXXXXX/doc/XXXXXXX/edit?pageNr=6
n,>=6,short,0,vor,von,7.1,höhung der Dividende um 1 K [vor]  [paragraph ends],ONB_wsb_19140307.xml,18,facs_18_tr_1784277923_tl_3,paragraph,https://beta.transkribus.org/collection/XXXXXX/doc/XXXXXXX/edit?pageNr=18
n,>=6,short,0,im,in,8.0,"tische Fügung des Stückes zusammengehalten ist, löst [im]  [paragraph ends]",ONB_wsb_19181130.xml,7,facs_7_tr_1769554405_tl_10,paragraph,https://beta.transkribus.org/collection/XXXXXX/doc/XXXXXXX/edit?pageNr=7
n,>=6,short,0,ab,an,7.4,Holland [ab]  [paragraph ends],ONB_wsb_19200221.xml,3,facs_3_tr_1738849703_tl_6,paragraph,https://beta.transkribus.org/collection/XXXXXX/doc/XXXXXXX/edit?pageNr=3
n,>=6,short,0,vor,von,6.6,der Marquis gegen die offene linke Seite des Grafen [vor]  [paragraph ends],ONB_wsb_19340114.xml,15,facs_15_tr_1763317659_tl_6,paragraph,https://beta.transkribus.org/collection/XXXXXX/doc/XXXXXXX/edit?pageNr=15
n,>=6,short,1,Mit,Min,6.6,stabsverwendungen ab. [Mit] 10,ONB_wsb_19380724.xml,5,facs_5_r_tl_26,paragraph,https://beta.transkribus.org/collection/XXXXXX/doc/XXXXXXX/edit?pageNr=5
n,>=6,short,1,zum,zur,6.6,nur mühsam aufrechterhaltene Produktion gänzlich [zum] Versiegen,ONB_wsb_19190823.xml,8,facs_8_tr_1734391075_tl_7,paragraph,https://beta.transkribus.org/collection/XXXXXX/doc/XXXXXXX/edit?pageNr=8
n,>=6,short,1,den,der,7.4,das sich unter Führung Köveß&apos; und Henriquez&apos; auf [den] galizischen,ONB_wsb_19191213.xml,8,facs_8_tr_1734449002_tl_19,paragraph,https://beta.transkribus.org/collection/XXXXXX/doc/XXXXXXX/edit?pageNr=8
n,>=6,short,1,den,der,6.5,"zu gewinnen, die in ihrer weiteren Entwicklung [den] Interessen",ONB_wsb_19300817.xml,2,facs_2_tr_1754164829_tl_23,paragraph,https://beta.transkribus.org/collection/XXXXXX/doc/XXXXXXX/edit?pageNr=2
n,>=6,short,1,aus,auf,6.7,Gräfin Castell-Castell traf vorvergangene Woche [aus] Köstritz,ONB_wsb_19280708.xml,4,facs_4_tr_1753391359_tl_2,paragraph,https://beta.transkribus.org/collection/XXXXXX/doc/XXXXXXX/edit?pageNr=4
n,>=6,short,1,dem,der,6.3,"nehm gesellige Zeit in Gmunden erinnert, auf. Nach [dem] verhängnisvollen",ONB_wsb_19331217.xml,6,facs_6_tr_1762177745_tl_7,paragraph,https://beta.transkribus.org/collection/XXXXXX/doc/XXXXXXX/edit?pageNr=6
n,>=6,short,1,des,der,6.6,Nach wie vor werde das Bestreben des Herausgebers [des] Wiener,ONB_wsb_19200306.xml,2,facs_2_tr_1738849744_tl_26,paragraph,https://beta.transkribus.org/collection/XXXXXX/doc/XXXXXXX/edit?pageNr=2
n,>=6,short,1,den,der,7.3,"diesmal nicht schwer wird, [den] nötigen",ONB_wsb_19190118.xml,11,facs_11_r_2_tl_11,paragraph,https://beta.transkribus.org/collection/XXXXXX/doc/XXXXXXX/edit?pageNr=11
y,>=6,short,1,in,im,7.5,Die Schule Paul de Connes feierte am 10. d. [in] Großen,ONB_wsb_19260321.xml,10,facs_10_tr_1752222374_tl_1,paragraph,https://beta.transkribus.org/collection/XXXXXX/doc/XXXXXXX/edit?pageNr=10
y,>=6,short,1,der,den,7.6,"vasz, dem päpstl. Kämmerer Dr. Ladislaus Saly sowie [der] Direktionsmitgliedern",ONB_wsb_19221214.xml,2,facs_2_tr_1748188350_tl_12,paragraph,https://beta.transkribus.org/collection/XXXXXX/doc/XXXXXXX/edit?pageNr=2
n,>=6,short,1,des,der,7.1,ersten der zwei Wohltätigkeitsvorstellungen zugunsten [des] Wiedner,ONB_wsb_19140228.xml,2,facs_2_tr_1784277927_tl_5,paragraph,https://beta.transkribus.org/collection/XXXXXX/doc/XXXXXXX/edit?pageNr=2
n,>=6,short,1,des,der,7.7,Regen und Enkelin des Obmannes des Pensionsfonds [des] Journalisten-,ONB_wsb_19210219.xml,7,facs_7_tr_1739921056_tl_2,paragraph,https://beta.transkribus.org/collection/XXXXXX/doc/XXXXXXX/edit?pageNr=7
n,>=6,short,1,vom,vor,6.2,Aufführung. Ein zweites Bild zeigt eine Szene [vom] Empfang,ONB_wsb_19360322.xml,6,facs_6_tr_1765493153_tl_9,paragraph,https://beta.transkribus.org/collection/XXXXXX/doc/XXXXXXX/edit?pageNr=6
n,>=6,short,1,nur,nun,7.9,"busch sind ein und derselbe, [nur] schreibt",ONB_wsb_19171215.xml,11,facs_11_tr_1779048621_tl_12,paragraph,https://beta.transkribus.org/collection/XXXXXX/doc/XXXXXXX/edit?pageNr=11
n,>=6,short,1,der,des,6.0,"Armen, die Unterernährten und das große Sterben [der] Schwachen",ONB_wsb_19210806.xml,10,facs_10_tr_1747770132_tl_22,paragraph,https://beta.transkribus.org/collection/XXXXXX/doc/XXXXXXX/edit?pageNr=10
n,>=6,short,1,zur,zum,7.1,der Stadtgemeinde Sárvár ein wertvolles Gebäude [zur] Adaptierung,ONB_wsb_19270515.xml,3,facs_3_tr_1752356372_tl_2,paragraph,https://beta.transkribus.org/collection/XXXXXX/doc/XXXXXXX/edit?pageNr=3
n,>=6,short,1,im,in,6.9,"Kulturkreislehre, die für Afrika von seinem Institut [im] Attlas-Africanus",ONB_wsb_19271211.xml,4,facs_4_tr_1752356173_tl_7,paragraph,https://beta.transkribus.org/collection/XXXXXX/doc/XXXXXXX/edit?pageNr=4
