osterr;österr
 1 J. ; l. J. 
 1z. ; 12. 
 2z. ; 22. 
 Alsgre;Msgre
 Banky; Banffy
 Coèn; Coën
 Ext. ; Exz. 
 Frein ; Freiin 
 Gemen; Gečmen
 Ger ; Carl 
 Grafer ; Grafen 
 Hofmeister; OHofmeister
 I. M.; l. M.
Liti ;Litić 
 Litié ; Litić 
 Litti; Litić
 OO.; OÖ.
 Ott.; OLt.
 Pri. ; Frl. 
 Scha ; Sofia 
 Selte ; Seite 
 Vortrage ; Vorträge 
 geritter; geritten
Tet S. 4.;
 iberacker; Uiberacker
 iet ; ist 
 ilsgre; Msgre
 imme ; Mme. 
 ir. ; jr. 
 iun,; jun.,
 lelin; Iselin
 nnd; und
 psilanti; Ypsilanti
 quipages; équipages
 roor ; 1901 
 sancen; Usancen
Obristoi;Obrištoi
mit bezeichneten Mit;mit * bezeichneten Mit
(S26,;(§26,
Maftre de;Maître de
Maracabo;Maracaïbo
Rubriker;Rubriken
ergreit;ergreift
östtrr;österr
Herrzog;Herzog
de Parcent;de Parcènt
Persico;Persicò
Seite z; Seite 2
Podébrad;Poděbrad
Erste Hofm;Erste OHofm
Ersten Hofm;Ersten OHofm
Erster Hofm;Erster OHofm
Übelli;Ubelli
 urbi et orbie; »urbi et orbi«
Kukuljevié;Kukuljević
»Haus Rigie:»Haus Rigi«
 ver ; ver
 werder ; werden 
 z. Mai; 2. Mai
 z. Nov.; 2. Nov.
 z. November; 2. November
Ober gespan;Obergespan
Wyndhams Theatre;Wyndham's Theatre
Ballest ;Ballfest 
dannsante;dansante
Reis-ul-Ulema;Reis-ul-Ülema
Dreherrpark;Dreherpark
Etrangeres;Etrangères
 danns ; dans 
»Goldenen Stern ;»Goldenen Stern« 
 intérets ; intérêts 
Rückporto beiliegt,;Rückporto beiliegt.
Causević;Čausević
Piemont;Piemònt
»Württemb. Hof¬;»Württemb. Hof«
 Kontinentalhotel«; »Kontinentalhotel«
 »Hotel Panhans¬;»Hotel Panhans«
 z. d. M.; 2. d. M.
 z5. ; 25. 
 z6. ; 26. 
 z7. ; 27. 
 Öser ; Oser 
(Vigad);(Vigadó)
»Hotel Panhans ;»Hotel Panhans« 
KpsTrGruppenkmdo 119;KpsTrGruppenkmdo 1/19
ArtBezKmdo VIIa;ArtBezKmdo VII/a
0. S. B;O. S. B.
Weiß-Polian;Weiß-Poličan
Sulkowska;Sułkowska
HR. 100,;HR. 10,
»Hotel Panorama.;»Hotel Panorama«.
»Hotel des Palmiers.;»Hotel des Palmiers«.
0sterr;Österr
1. J.;l. J.
1o.;10.
»Hotel Burkert,;»Hotel Burkert«,
»Hotel Burkert.;»Hotel Burkert«.
»Kaiser von Österreich ;»Kaiser von Österreich« 
Caslau;Časlau
9. S. R.;Č. S. R.
Odenburg;Ödenburg
Abbels;Abels
akkred,;akkred.
AbeHauses;AbgHauses
»Villa Dr. Wolf¬;»Villa Dr. Wolf«
Mikes;Mikeš
Ahre;Ähre
Abonny;Abony
Abtissin;Äbtissin
Adele;Adèle
Adorjan;Adorján
Adtie;Adèle
Aglaé;Aglaë
Agypten;Ägypten
Alegasse;Alleegasse
Alfired;Alfred
Algya-Papp;Álgya-Papp
Alichel;Michael
Alikelo;Miklós
Alisionen;Missionen
Cheladministrator;Chefadministrator
Chetadministrator;Chefadministrator
Alitel;Mitgl
Prikopé;Přikopě
Aliterl;Mitgl
Larifarri;Larifari
Alitglieder;Mitglieder
Almasy;Almásy
Almäsy;Almásy
Alseits;allseits
Alteren;Älteren
Alteste;Älteste
Altred;Alfred
Amelie;Amélie
Angchörige;Angehörige
Angoulme;Angoulême
AppGerates;AppGerRates
Aprll;April
ArailAth;Mailáth
Armel;Ärmel
Aroklub;Aëroklub
Arpád;Árpád
Arzte;Ärzte
Ateler;Atelier
Atelien;Atelier
AthenaisAthenaïs;
Atiklds;Miklós
Auftuf;Aufruf
Autnahme;Aufnahme
Außern;Äußern
Außersten;Äußersten
Az Ujsag;Az Ujság
Babié;Babić
Baltest;Ballfest
Balči ;Balčič 
Bankerpositur;Bankexpositur
Baranyavär;Baranyavár
Barlabasevec;Barlabaševec
Baron Balas;Baron Balás
Bavaria Hotel;Bavaria Hôtel
Beesánez;Besánez
Bendana;Bendaña
Bept. ;Sept. 
Beretväs;Beretvás
Bernstorffshön;Bernstorffshöj
Bildte;Bilde
Billé;Bilé
Blazekovic;Blazeković
Blazekovié;Blazeković
Blicklich;glücklich
Bmannel;Emanuel
Borotha Wit ;Borotha-Witt 
Botschat;Botschaft
Braganca;Bragança
Bragang;Bragança
JB. 260;JB. 2/60
Braganga;Bragança
IB. 193;IB. 1/93
Brbprinzen;Erbprinzen
VerpfStaffels 420;VerpfStaffels 4/20
v. Fülör¬;v. Fülöp
Bristoll;Bristol
Ballonabt. 11;Ballonabt. 1/1
Illy¬;Illy
JB. 44;JB. 4/4
SappB. 512;SappB. 5/12
Bräatigam;Bräutigam
C. Stosch;C. Swatosch
 Gold gab ich für Eisen ; »Gold gab ich für Eisen« 
Bräntigams;Bräutigams
Text S. 6.;
C. S. R.;Č. S. R.
C.-Schlesien;Č.-Schlesien
 don Uher; Ödön Uher
CZjžek;Cžjžek
Atelfer;Atelier
Cabanag;Cabanac
v. Riha;v. Ržiha
Strelecki;Strželecki
Capedilista;Capodilista
boeuf en rote;boeuf en croûte
Carlton-Hotel;Carlton-Hôtel
Castolowitz;Častolowitz
Catim;Çatim
Catin ;Çatin 
Cechoslavia;Čechoslavia
de hester;de chester
à aurore;à l'aurore
Cuninghamme;Cuninghame
Cesko;Česko
au Café;au café
Ceské;České
Chateau;Château
Mousse glace ;Mousse glacée 
Chirrurgie;Chirurgie
Bätons;Bâtons
Grafen Akos;Grafen Ákos
Graf Akos;Graf Ákos
printaniere;printanière
Ehrenworte »Edler ;Ehrenworte »Edler« 
Chlumecky;Chlumecký
von der Östen;von der Osten
savoyensche;savoyen'schen
Chofoniewska;Chołoniewska
Yorks Theatre;York's Theatre
»Hotel des Anglais ;»Hotel des Anglais« 
printaniere;printanière
Hermittage;Hermitage
Cete d’Azur;Côte d’Azur
Besangon;Besançon
Cormons;Cormòns
Banó ;Bánó 
Dalys Theatre;Daly's Theatre
7. P.-Abt.;7./P.-Abt.
Tété;Têté
»Hotel Elefant ;»Hotel Elefant« 
Choloniewska;Chołoniewska
Svindermann;Švindermann
»Villa Friedrichsruhe;»Villa Friedrichsruh«
 Drei Lilien¬; »Drei Lilien«
 Hotel Stern«; »Hotel Stern«
»Westminster ;»Westminster« 
»Villa Alpenrose ;»Villa Alpenrose« 
Choloniewski;Chołoniewski
Effendi Prosi¬;Effendi Prosić
Sulkowszczyzna;Sułkowszczyzna
Sudann;Sudan
 Mirabell«; »Mirabell«
3.R-Abt.;3./R-Abt.
Theatre de ;Théâtre de 
Schtritz;Üchtritz
Kaiserinn;Kaiserin
Jéröme;Jérôme
Stamberg;Starnberg
 Weihnachten im Felde ; »Weihnachten im Felde« 
»Villa Payer ;»Villa Payer« 
Uxküll;Üxküll
»Hotel Königsvilla ;»Hotel Königsvilla« 
Chotebor;Chotěboř
»Villa Grüneck¬;»Villa Grüneck«
»Hotel Stephanie ;»Hotel Stephanie« 
v. Dobr.;v. Dobř.
Bozen¬;Bozen
Herr auf Pise ;Herr auf Pišec 
Cromellrad;Cromwellroad
v. Moscon;v. Moscòn
 Urban-Villa«; »Urban-Villa«
Breznitz;Březnitz
Chotbor;Chotěboř
30m-Mörser;30'5cm-Mörser
Berkowitz;Beřkowitz
Koli bei Prag;Košiř bei Prag
sicherrn;sichern
Bogdann;Bogdán
Bihar, Bosnien;Bihač, Bosnien
Zeleński;Želeński
Poularde rtie;Poularde rôtie
Gäteaux;Gâteaux
—ss¬;—ss—
»Hotel Panhans,;»Hotel Panhans«,
»Hotel Panhans.;»Hotel Panhans«.
Alajos;Alájos
FB. 21;FJB. 21
»Hotel Radetzky,;»Hotel Radetzky«,
»Hotel Radetzky.;»Hotel Radetzky«.
»Hotel Quarnero ;»Hotel Quarnero« 
Zeleńska;Želeńska
Murawiew;Murawiëw
Msr.;Msgr.
Msre;Msgre
Sofiaró;Sofiëró
 erschier; erschien
PfSpitekt;PfSpitSekt
Hadik;Hádik
de Quiros;de Quiròs
de Borbon;de Borbón
de Pison;de Pisòn
Geneviéve;Geneviève
y Entrasso;y Entraso
Agnes;Agnès
Lt Col.;LtCol.
Bischoflack, Krain;Bischoflack, OKrain
Palazzo Loredan;Palazzo Loredàn
Vacht ;Yacht 
Vachtclub;Yachtclub
Vacht-Club;Yacht-Club
Aimaro;Aïmaro
Skodopole;Skočdopole
Komteß¬;Komteß
Orkény;Örkény
PfSpitSekt. 411;PfSpitSekt. 4/11
Sulkowski;Sułkowski
Akos ;Ákos 
Highliffe;High-life
Strzalków;Strzałków
Trevisán;Trevisàn
Fai di Bruno;Faà di Bruno
bippique;hippique
SchR. 3V;SchR. 3/V
 pro ecclesia et pontifice«; »pro ecclesia et pontifice«
Said;Saïd
Deregnyo;Deregnyő
Rozdól;Rozdół
Walthann;Walthan
Erzsébet ter;Erzsébet tér
Parsifall;Parsifal
à Impérial;à l'Impérial
Ldesger Präs;LdesgerPräs
GemmRat;GemRat
lestragon;l'estragon
Choloniewska;Chołoniewska
Harrachschen;Harrach'schen
 rties ; rôties 
Herrer ;Herren 
Choloniewski;Chołoniewski
crmee;crême
Compote;Compôte
de Viana;de Viaña
 uartier ; Quartier 
Wodzimirska;Włodzimirska
Wlodzimirska;Włodzimirska
Wodzimirski;Włodzimirski
Wlodzimirski;Włodzimirski
Eörményes;Eőrményes
Zoltan;Zoltán
 Fremde Höfe«; »Fremde Höfe«
Deregnyö;Deregnyő
Hussein;Husseïn
Hilmi¬;Hilmi
Peggassus;Pegasus
Euitable;Equitable
Deregny,;Deregnyő,
»Pension Exquisite ;»Pension Exquisite« 
Coruna;Coruña
J. C. Len;J. C. L—n
deko ration;dekoration
Kriegs dekoration;Kriegsdekoration
Text oben.;
Zenaid ;Zenaïde
Zenaide;Zenaïde
Ollé-L;Ollé'-L
Bohus ;Bohuš 
TextS.8;
Chotélice;Chotělice
Text5. 8.;
di Crot;di Cròt
Lavrić;Lavrič
Cenez;Ceñez
Habana;Habaña
Text 5.7.;
Osolsobi¬;Osolsobič
Castel Crot;Castel Cròt
Jenö;Jenő
undden;und den
Text S. 5.;
Tent S.6.;
Text unter »Text zum Titelbild¬;
Christöphoros;Christóphoros
»Wehrmann im Eisen ;»Wehrmann im Eisen« 
Text unter »Text zum Titelbild«,;
Erzsehettér;Erzsebet-tér
Citroen;Citroën
Cmoll;C-moll
Cossé Brissac;Cossé-Brissac
Cote;Côte
Tert 5. 5.;
TextS.6.;
Text S. 6.;
Tezt S. 7.;
Crassanne;Crassane
Cretl;Gretl
Cengi,;Čengić,
Cengi ;Čengić 
Crme;Crème
»Pension Schlosser ;»Pension Schlosser« 
InfRgts¬;InfRgts
bh. Bat.;bh. IBat.
IBat. 32;IBat. 3/2
Miklavić;Miklavčić
 Bavariahotel«; »Bavariahotel«
Jella;Yella
»Atlantic Palace ;»Atlantic Palace« 
CroySternberg;Croy-Sternberg
St. James Church;St. James' Church
Meuniere;Meunière
»Hotel Hopfenstock ;»Hotel Hopfenstock« 
Feldspit. 92;Feldspit. 9/2
dal Vermee;dal Verme
creme;crême
Alengon;Alençon
Crépe;Crêpe
Jodo Domingues;João Domingues
 Mozarteum«; »Mozarteum«
Csenkesz-Ethe;Csenkesz-Éthe
Heecht;Hecht
 Martinsbrunn«; »Martinsbrunn«
Ldesger Präs;LdesgerPräs
»Hotel Metropole ;»Hotel Metropole« 
 Westminster-Hotel«; »Westminster-Hotel«
Csillag;Csillág
Lest ;L'est 
Ehrenkreu¬;Ehrenkreuz
 pacheurs ; pêcheurs 
Feldspitale Nr. 31;Feldspitale Nr. 3/1
 veux ; yeux 
Csor;Csór
Csörgeó;Csörgeö
Czarto ryski;Czartoryski
Czerwonogröd;Czerwonogród
Czirka;Cziròka
Lancut;Lańcut
sourils;sourçils
 Bat. 487; IBat. 4/87
Czizek;Czjzek
Czjzek;Cžjžek
Wrada v. Kunwald;Wražda v. Kunwald
laurore;l'aurore
v. Olegović;v. Ožegović
v. Riha;v. Ržiha
Czobel;Czóbel
Czöbel;Czóbel
Vincenz lavak;Vincenz Hlavaček
von Goss;von Goëss
v. Goss;v. Goëss
D. S. R.;Č. S. R.
DERGESELLSCHAET;DER GESELLSCHAFT
MilAbt. 355;MilAbt. 3/55
»Kälteschutz ;»Kälteschutz« 
bh. JB. III,;bh. JB. III/2
Dembinska;Dembińska
Ullöi-t;Üllöi-út
»Hotel Elefant ;»Hotel Elefant« 
Dentie;Dentice
»Kriegskinderspende ;»Kriegskinderspende« 
Deák-tür;Deák-tér
Deákter;Deák-ter
Olzweig;Ölzweig
»Rigie;»Rigi«
Radbor ;Radboř 
Ohegy;Óhegy
nebenann;nebenan
 vonne ; Yvonne 
»Hotel am See,;»Hotel am See«,
 Rote Kreuz«; »Rote Kreuz«
Asuncion;Asunçion
zur Kur¬;zur Kur
Titkad Wachtm;TitKadWachtm
Klusarek;Klusaček
Einjfreiw Korp;EinjfreiwKorp
Komteß¬;Komteß
»Hotel Quarner ;»Hotel Quarnero« 
»Hotel Erzherzog Johann ;»Hotel Erzherzog Johann« 
»Villa Miravalle ;»Villa Miravalle«
»Hotel-Pension Wallner,;»Hotel-Pension Wallner«,
»Villa Alma :»Villa Alma«
»Villa Viktoria ;»Villa Viktoria«
Offentlichkeit;Öffentlichkeit
OShangnessy;O'Shangnessy
»Pension Hausner ;»Pension Hausner«    
Diero;Diego
Ceipek;Čeipek
 Hofmarschall; OHofmarschall
»Villa Keglevich ;»Villa Keglevich« 
 Kurpension Mirabell«; »Kurpension Mirabell«
 Thermia Palacehotel«; »Thermia Palacehotel«
Dlalath;Mailáth
Aidanus;Aïdanus
»Villa Nadine ;»Villa Nadine« 
 Kath. Volksbundes für Österreich«; »Kath. Volksbundes für Österreich«
Dobr-Zensky;Dobržensky
Otönös;Ötönös
 ists; ist's
ErbHofpostmeister;ErbOHofpostmeister
Lastibor ;Lastiborž 
St. Georges Church;St. George's Church
Fonseca Hermes;Fonseca Hermès
Teutonic ;Teutonici 
Hoppeland;Hopeland
DobrZensky;Dobržensky
Offentliche;Öffentlich
Dobriensky;Dobržensky
Beöthy;Beőthy
Pourtales;Pourtalès
Dobrzensky;Dobržensky
 Heil. Engeln«; »Heil. Engeln«
Cerche;Cercle
Dusek,;Dušek,
 Kaiserhof«; »Kaiserhof«
Zemlička;Žemlička
v. Roll;v. Roëll
Caussević;Čausević
Seekdt,;Seekdt.
Text5 4.;
»Villa Alexander ;»Villa Alexander« 
barmherr;barmher
Dobržensky;Dobrženský
Zydaczow;Zydacžow
Grodków-Los;Grodków-Loś
Lubaczów;Lubačzów
auf Skala;auf Skała
Nußbaum 6 Pick;Nußbaum & Pick
Daidsino;Daïdsino
Vrchlicky;Vrchlický
Aro-Club;Aëro-Club
Aro-Verband;Aëro-Verband
Lažansky;Lažanský
 eb. ; geb. 
Präs Chef;PräsChef
kaiserlichen acht;kaiserlichen Yacht
 röties ; rôties
 melée ; mêlée  
Swogetinsky;Swogetinský
Statt Rat.;Statth-Rat.
Sedivy;Šedivy
Barbo-Soresina;Barbò-Soresina
Kjkr ;Kjkr. 
Tit, u;Tit. u
 Am Steinhof«; »Am Steinhof«
191213;1912/13
 mariners ; marinièrs 
Consomm.;Consommé.
191415;1914/15
Renn-Tacht;Renn-Yacht
FremdeHöfe;Fremde Höfe
Fehr und Albe;Fehr und Ažbe
GII.;GM.
Maidof-Honor;Maid-of-Honor
»Hotel de Paris ;»Hotel de Paris« 
Kasrel-Aini;Kasr-el-Aini
Mawrikiewna;Mawrikiëwna
Albert Guadt;Albert Quadt
Ottoman,;Ottoman.
Uraniastr,;Uraniastr.
Adelaide;Adelaïde
 quils ; qu'ils 
 chere ; chère 
Tresčeć;Treščeć
crémonies;cérémonies
Claridges Hotel;Claridge's Hotel
Lisleen-Rigault;Lisle-en-Rigault
»Weißen Löwen¬;»Weißen Löwen«
 Martinsbrunn«; »Martinsbrunn«
 Palasthotel Fürstenhof«; »Palasthotel Fürstenhof«
 Koburg«; »Koburg«
 Sauerhof«; »Sauerhof«
TextS. 1;
forestiere;forestière
Staromoraysti;Staromoravští
Nigoise;Niçoise
Sangusto;Sanguisto
Bogota;Bogotá
»Hotel de Russie ;»Hotel de Russie« 
 Guntschnahof«; »Guntschnahof«
Oruchseß;OTruchseß
(Titelbildtext);
d’ork;d’York
Min. alatere;Min. a latere
Nasice;Našice
Beaulieusur mer;Beaulieu-sur-mer
Tirkaiserjäg;TirKaiserjäg
Posilović;Posilovič
Odon;Ödön
Granits au;Granités au
»Pension Augusta ;»Pension Augusta«
Foes Gras;Foies Gras
»Palasthotel ;»Palasthotel« 
Midshipmann;Midshipman
 Bazar Mandria«; »Bazar Mandria«
Hotel Trémoille;Hotel Trémoïlle
Coeurs de;Cœurs de
Tex S. 5.;
»Grillparzers;»Grillparzer«
»Hotel Mozart.;»Hotel Mozart«.
 Bauer und Grünwald«; »Bauer und Grünwald«
Savoyensche;Savoyen'sche
Baranammi;Baranami
Tit Erzbischof;TitErzbischof
Tit,;Tit.
colla Vign ;olla Vign' 
Ilide ;Ilidže 
d’Armaille;d’Armaillé
 Tivoli«; »Tivoli«
Präs Chef;PräsChef
Cunliffee;Cunliffe
Ružičié;Ružičić
Rhönedelta;Rhônedelta
Aujourd;hui;Aujourd'hui
 poque; époque
 etes ; êtes 
 täche ; tâche 
v. Urseel;v. Ursel
 auprés ; auprès 
de Vog ;de Vogüé 
exprimmer;exprimer
lespoir;l'espoir
Frangois;François
lavenir;l'avenir
Guards Chapel;Guard's Chapel
maniére;manière
Lichtenegg-Moos¬;Lichtenegg-Moos
distinguie ;distinguiée 
di Moch ;di Mòch' 
Cotelettes;Côtelettes
Pice de;Pièce de
Dona;Doña
Text S. 12.;
Text S. 11.;
Kosir;Košiř
Stanchiff;Stancliff
Féte ;Fête 
Doummergue;Doumergue
Bord der acht;Bord der Yacht
Salesius Barina;Salesius Bařina
Atzéll;Atzél
ehem. P.;ehem. MP.
Sarić;Šarić
diplomm.;diplom.
Kalmann;Kálmán
Republik üan;Republik Yüan
Shih-kai;Shih-k'ai
Cortige;Cortège
Meißl¬;Meißl
Theatre paré;Théâtre paré
Tätig keit;Tätigkeit
Sustersi;Šusteršić
Char,;Char.
Pätisserie;Pâtisserie
Texts5;
Avenu ;Avenue 
Odön;Ödön
»Hotel Königin von England ;»Hotel Königin von England« 
Karls bad;Karlsbad
Malt. Rr;Malt.-Rr
la gele.;la gelée.
Supréme;Suprême
 Maria-Schul«; »Maria-Schul«
Liharik;Liharžik
Osmaniéh-Orden;Osmaniëh-Orden
von Chun;von Ch'un
Puyi;P'u-yi
Vereines Die Technik für die Kriegsinvaliden;Vereines »Die Technik für die Kriegsinvaliden«
Tsai-fang;Tsai-fêng
OShaugh;O'Shaugh
 loh0; JohO
Kriegsdienstt;Kriegsdienst
TirjägRgt;TirJägRgt
Postelek;Póstelek
schreibts;schreibt's
Res Bat;ResBat
 Residenz-Hotel«; »Residenz-Hotel«
Cernikowitz;Černikowitz
v. Bunić;v. Bunič
Bozen¬;Bozen
Hus Freiw;HusFreiw
las Almenas;las Almeñas
Erlösser;Erlöser
»Kaiserin Elisabeth¬;»Kaiserin Elisabeth«
 Palasthotel«; »Palasthotel«
 Palast-Hotel«; »Palast-Hotel«
»Pension Quarnero ;»Pension Quarnero« 
TRgt;TJRgt
 pro ecclesia et pontifice«; »pro ecclesia et pontifice«
LEstoc¬;L'Estocq
»Villa Nadine ;»Villa Nadine« 
v. Michaelis;v. Michaëlis.
OShang;O'Shang
Prinz Georgios;Prinz Geórgios
Rukkih;Rukkiëh
Behieh;Behiëh
Atieh;Atiëh
»Hotel Krantz ;»Hotel Krantz« 
Rzepince;Rzepińce
HonvédKmdo;HonvédOKmdo
»Grillparzer ;»Grillparzer« 
v. Frangois;v. François
nummero;numero
Franzens bad;Franzensbad
»Villa Waldruhe ;»Villa Waldruhe«
dOra;d'Ora
Grätin;Gräfin
Vsenburg;Ysenburg
Vordem ;Vor dem 
Mikessi.;Mikessić.
Nemeek;Nemeček
Santa Colona;Santa Coloña
Mostarli ;Mostarlić 
Aga Dini;Aga Džinić
bayer ;bayer. 
Tex S. 5.;
bei Sich¬;bei Sich.
Pätisserie;Pâtisserie
 a la; à la
Text untenstehend,;
Creme;Crême
Kaderin;Kaderžin
Histie;Hřistie
Char,;Char.
Cernahora;Černahora
Tiebić;Třebić
Phctogr;Photogr
„Atelier Adele,;„Atelier Adele“,
Dvofák;Dvořák
Tit Erzbisch;TitErzbisch
Mikyniec;Mižyniec
Läslö;Lásló
de Voge;de Vogüé
de Borsod;de Borsód
Jérome;Jérôme
Zyrowa;Žyrowa
Zampach;Žampach
Krimic;Křimic
Voksic;Vokšic
Jiin;Jičin
truffees;truffées
Chledowska;Chłedowska
Chodaczkow maly;Chodaczkow mały
Szyszlo;Szyszłło
Szyszllo;Szyszłło
Test 5.6.;
Casaleiz;Casaleïz
Atelier Kosrt;Atelier Kosel
FranzJosef;Franz Josef
 mitder ; mit der 
Eiserne Kreuz¬;Eiserne Kreuz
Terts.5;
mit dem Prädikate v.;mit dem Prädikate »v.
Textuntenstehend;
Test 5.3;
1915116;1915/16
TirkaisJäg;TirKaisJäg
Text S. 9;
18781880;1878/1880
½0 Uhr;½9 Uhr
Dragegt.;DragRgt.
Text S. 10.;
Text S.11.;
Sabac ;Šabac 
Dragegts.;DragRgts.
Texts. Titelbildtext und S. 5.;
Draggt.;DragRgt.
Dreub;preuß
Dvofák;Dvořák
Dvorak;Dvořak
Donät Tomas;Donát Tomáš
Dvorák;Dvořák
Dzialinski;Dzialiński
Dzialynska;Dzialyńska
Dächerrn;Dächern
Démétre;Démètre
Dézember;Dezember
Eari;Exz
Ecska;Écska
Eeon;Egon
Effekter;Effekten
IIi;Ili
Eitelseite;Titelseite
Eriherzog;Erzherzog
Erzsébetter;Erzsébet-ter
F. Knozers;F. Knozer's
Nycky;Nýcky
Fajkürt;Fájkürt
Feycal;Feyçal
Five-oclock;Five-o'clock
Flammande;Flamande
Fochter ;Tochter 
Fodröczy;Fodróczy
Forgach;Forgách
Forgäch;Forgách
Forontal;Torontál
Fraung;Trauung
Freitrau;Freifrau
Friandisses;Friandises
Frènes;Frênes
Furtzt;FMLt
Fvon;Egon
Féte;Fête
Földek;Földeák
Füirstenberg;Fürstenberg
G. S. R.;Č. S. R.
GESELLSCHAET;GESELLSCHAFT
Gaal;Gaál
Galgöcz;Galgócz
Gastolowitz;Častolowitz
Gatttendorf;Gattendorf
Gebett;Gebet
Gele ;Gelée 
Gemen-Waldeck;Gečmen-Waldeck
Genintend;GenIntend
Geore;Georg
»Roten Herzen ;»Roten Herzen« 
Georgiević;Georgievič
Saint-Sans;Saint-Saëns
Gesian;Cesiano
Geémen;Gečmen
Gfir ;Gfin 
Giro Kikutchi;Girô Kikutchi
Goilaw-Hawarna;Goïlaw-Hawarna
Goluchowska;Gołuchowska
Swiatopolk;Swiatopołk
Goäß;Goëß
Goéß;Goëß
Goëf;Goëß
Graffeemberg;Graffemberg
Grahin;Gräfin
Grand Hotel;Grand Hôtel
Grat ;Graf 
Graten ;Grafen 
Grinderin;Gründerin
»Villa Ritter ;»Villa Ritter« 
Grié;Grič
Groberundber;Großgrundbes
Grohindustriellen;Großindustriellen
Gräfinner;Gräfinnen
Gräfir;Gräfin
Gräfir ;Gräfin 
Grähin;Gräfin
Gyulafalva u. Bogdan;Gyulafalva u. Bogdán
Gôtter;Götter
Gödöll ;Gödöllö 
Görniak;Górniak
Gûte;Güte
Gûter;Güter
Gûtern;Gütern
Hanomagg;Hanomag
Hanska;Hańska
Hanus Peterka;Hanuš Peterka
Hardeng;Hardegg
Hascnauer;Hasenauer
Hatvany;Hátvany
Heldentater;Heldentaten
Henskel;Henckel
Herbsthutt;Herbsthut
Kriegs dekoration;Kriegsdekoration
Hermanméstec;Heřmanměstec
Herzogir;Herzogin
Hiochadels;Hochadels
Hochreit;Hochzeit
Fassan;Fasan
Hochreitspäste;Hochzeitsgäste
 Hotel Hackinger«; »Hotel Hackinger«
Hodossy;Hódossy
Hohenlohe Langenburg;Hohenlohe-Langenburg
»Hotel Kreuze;»Hotel Kreuz«
HonvEusKitm;HonvHusRittm
Honvéd Kmdt;HonvédOKmdt
Hory;Hóry
Hotel Bellevue;Hôtel Bellevue
Hotel Brioni;Hôtel Brioni
Hotel Muveran;Hôtel Muveran
Hotel Ritz;Hôtel Ritz
Hotel de la Reine;Hôtel de la Reine
Hotel du Palais;Hôtel du Palais
Houdann Rotti;Houdan Rôti
Hradek;Hrádek
Hridegarde;Hildegarde
Husegts;HusRgts
Hödy;Hódy
Hötel;Hôtel
Hünt;fünf
I., S. R.;Č., S. R.
Idtäfl;ldtäfl
Institutt;Institut
Internicrung;Internierung
Inés;Inès
Italier;Italien
Itzehne;Itzehoe
Ivänka;Ivánka
JeBensky;Jeßenßky
Jerme;Jérôme
Jevtić;Jevtič
Jeßensky;Jeßenßky
Jiri Kristian;Jiři Kristián
Trebomislyc;Třebomislyc
Jobbaháza;Jobaháza
Jonka v. Drasker;Joánka v. Draskóer
Jordanföld;Jordánföld
Juann;Juan
Jungfer-Brean;Jungfer-Břežan
Jérme;Jérôme
Jösika;Jósika
KONNIG;KÖNIG
KUNSTE;KÜNSTE
Kaiseräger;Kaiserjäger
Kalman;Kálmán
Kalnoky;Kálnoky
Kamars;Kamarás
Kammerad;Kamerad
Kammeraden;Kameraden
Karansebes;Karánsebes
ArmeeKmdtn;ArmeeOKmdtn
Kardas-Rečic;Kardaš-Rečic
Karil;Karl
 vonne; Yvonne
Kartsonyi;Karátsonyi
Winiewski;Wiśniewski
Winiewska;Wiśniewska
Winiewo;Wiśniewo
Cebów;Cebłów
Klukow;Kłuśow
Wierzbia,;Wierzbiaž,
Hotel Der Königshof«;Hotel »Der Königshof«
Subrt;Šubrt
Olstudie;Ölstudie
Keit zes ; Reitzes 
Kettungsgesellschaft;Rettungsgesellschaft
Odon;Ödön
Podgora,;Podgorač,
Khan Rais;Khan Raïs
Kicka;Ricka
JB. 252;JB. 2/52
Wisniewski;Wiśniewski
Kieneck;Rieneck
Kinchoffer;Ringhoffer
Kinghoffer;Ringhoffer
Drag. Rgt;Drag.-Rgt
Batührer;BatFührer
BrigSan Anst;BrigSanAnst
305cm;30'5cm
Kitm.;Rittm.
Athenais;Athenaïs
Kodenski;Kodeński
HaubBat. 33;HaubBat. 3/3
 Hofm.; OHofm.
Kohmiler;Roßmiller
JBat. 13;JBat. 1/3
Konstantinos;Konstantînos
Lažansky;Lažanský
Uzelak;Uželak
Konsular Gerichts;KonsularOGerichts
Kopyczyce;Kopyczyńce
Koscielska;Kościelska
Koscielski;Kościelski
Kosická;Košická
 Wiener Hof«; »Wiener Hof«
Jehlicka;Jehlička
Livio Castani;Livio Caëtani
Kotiuzyńsky;Kotiužyńsky
Kotz v. Dobi;Kotz v. Dobř
Malibegović;Malićbegović
Puy-de-Dome;Puy-de-Dôme
»Hote ;»Hotel 
Titgsf;TitZgsf
Kovarik;Kovařik
Außerste;Äußerste
Krakowskf;Krakowský
Krakowsky;Krakowský
Berggamo;Bergamo
Krasinska;Krasińska
Gräfin Zsóh;Gräfin Zsófi
Kráky;Krátký
Krátky;Krátký
Kuera;Kučera
Heelene;Helene
Krasne-Krasinska;Krasne-Krasińska
Racconigi¬;Racconigi
OsterrSchlesien;ÖsterrSchlesien
Gesandt schaft;Gesandtschaft
Rameek;Ramek
Ldsger Präs;LdsgerPräs
Belisée;Belišće
Kriegswitwenn;Kriegswitwen
Krma;Irma
Krätkf;Krátký
ResSpit. 44;ResSpit. 4/4
1915116;1915/16
Kré;Krč
Kysperk;Kyšperk
Kálmán;Kalman
Kälnoky;Kálnoky
Käszon;Kászon
Käszoni;Kászoni
Laban;Lábán
Lanckoronsk;Lanckorońsk
»Hotel Kaiserin Elisabeth ;»Hotel Kaiserin Elisabeth« 
Kriegs dekoration;Kriegsdekoration
JB. 163;JB. 1/63
Feldspitale Nr. 94;Feldspitale Nr. 9/4
Lanckoronski;Lanckoroński
Lankáss;Lankás
Lauin;Laučin
Hedde Rodes;Hedde Rode's
Medschidiéh;Medschidiëh
Laèr;Laër
Erste Hofm;Erste OHofm
Lažansky;Lažanský
Rozwadow;Rožwadow
sicherrn;sichern
Szidi¬;Szidi
Lefévre;Lefèvre
»Vesuve;»Vesuv«
Tihovac;Tihovać
»Almanach de Gotha,;»Almanach de Gotha«,
Legate;LegRate
Arpád;Árpád
»Hotel National ;»Hotel National« 
Lequeitig;Lequeitio
Bosnisch-Petrova.;Bosnisch-Petrovać.
Metković;Metkovič
»Villa Dachstein,;»Villa Dachstein«,
»Schloß Windsor.;»Schloß Windsor«.
»Villa Wald-Idylle.;»Villa Wald-Idylle«.
 Villa Danzer«; »Villa Danzer«
Peternel;Peternèl
ÖÖst;OÖst
»Weißen Löwen« ;»Weißen Löwen« 
 Drei Lilien«; »Drei Lilien«
 Rheingold«; »Rheingold«
 Palladio¬; »Palladio«
LerRates;LegRates
»Villa Prand ;»Villa Prand« 
Josippovich;Josipovich
»Hotel Klinger ;»Hotel Klinger« 
Kab. Dir;Kab.-Dir
Les Frenes;Les Frênes
Genhefarzt;GenChefarzt
Les Frénes;Les Frênes
Litié;Litič
TR.;TJR.
TKR.;TKJR.
ReslägBat;ResJägBat
 Savoy Westend-Hotel«; »Savoy Westend-Hotel«
Litić;Litič
Lnáre;Lnáře
Lnäre;Lnáře
 Sanssouci«; »Sanssouci«
Lor Marie;Lori Marie
Unterberkowic;Unterbeřkowic
Schloß Roster;Schloß Rosteř
Achilleion;Achilleïon
 1 la ; à la 
becasses;bécasses
Bezdékau;Bezděkau
Lubicz-Lugowska;Lubicz-Ługowska
Lubienska;Lubieńska
Lätal;Látal
Lönya;Lónya
Lönyay;Lónyay
Magyar6vár;Magyaróvár
Mailath;Mailáth
MalRrO;MaltRrO
Malt. RrO.;Malt.-RrO.
Malt.RrO.;Malt.-RrO.
Malteserr;MalteserRr
Marimilian;Maximilian
Marusevec;Maruševec
Marusévec;Marusěvec
Marys ;Mary's 
Mastny;Mastný
Matyásföld;Mátyásföld
Mecwa;Mečwa
Medlesic;Medlešic
Medlesić;Medlešič
Meeinhard;Meinhard
Mersz;Merész
Metropoltankirche;Metropolitankirche
Mezirici;Meziřiči
Mfonte Garlo;Monte Carlo
Michail Michailowitsch;Michaïl Michailowitsch
Mihalovics;Mihálovics
Miklös;Miklós
MilerdKreuz;MilVerdKreuz
Millenković;Millenkovič
Milojević;Milojevič
Mitgl ;Mitgl. 
Mlann;Mann
Mlannseld;Mannsfeld
Mlannsteld;Mannsfeld
Mlarie;Marie
Mlarkerätin;Markgräfin
Csics,;Csicso,
Mlaximilian;Maximilian
Mliss;Miss
Mlontag;Montag
Mlärz;März
Molnär;Molnár
Monacc;Monaco
Monteneggro;Montenegro
Mozsg ;Mozsgó 
Mrazović;Mrazovič
ürstentümmer;ürstentümer
(Leib-Inf;(Leib-)Inf
Msr.;Msgr.
Msre;Msgre
Dell Adami;Dell' Adami
Nadherny;Nádherný
Wisniowa;Wiśniowa
Nagy-Lang;Nagy-Láng
 Zauberflöte«; »Zauberflöte«
Nagyar Präta;Magyar-Fráta
Proßnitz und Ziele;Proßnitz und Zielć
wunderschon;wunderschön
OAppell GerRates;OAppellGerRates
Nagylönya;Nagylónya
Post Kr ;Post Krč 
Nemesjäcz;Nemesjácz
Fahnkr;FahnJkr
Feldart Brig;FeldartBrig
Nemyssl;Nemýssl
Nemyśl;Nemyšl
Miklósv.;Miklós v.
High-life,;High-life.
1. KD;1. KTD
Erzberzog;Erzherzog
2. KD;2. KTD
";“
Nibor;Nižbor
Beg Midié;Beg Midžić
Nikolic;Nikolić
ungar. Hauses;ungar. OHauses
Nostitr,Rieneck;Nostitz-Rieneck
Nova Gradiska;Nova Gradiška
Nunez;Nuñez
Nádherny;Nádherný
Nädherny;Nádherný
Nändor;Nándor
vesend;wesend
O. A. C.;Ö. A. C.
OSTERREICH;ÖSTERREICH
Obit.;Oblt.
Odön;Ödön
Oegović;Ožegović
Semsee;Semse
Oeselschaft;Gesellschaft
Offentlich;Öffentlich
Malt. Rr;Malt.-Rr
Immagina;Imagina
Offentlichkeit;Öffentlichkeit
Konsgerichtes;KonsOGerichtes
Cesky;Česky
Kriegshofuartier;Kriegshofquartier
Ogonczyk;Ogończyk
Ohein;Oheim
Okigyös;Ókigyós
 chatius; Uchatius
Olgemälde;Ölgemälde
 Unserer lieben Frau von Sion«; »Unserer lieben Frau von Sion«
Seerbegović;Sečerbegović
 mit Auszeichnung«; »mit Auszeichnung«
Armeekmdo¬;Armeekmdo
v. Kylander;v. Xylander
Ahnl;Ähnl
Nasice;Našice
Okermezö;Ökermezö
Orkeny;Örkeny
Auflaggen;Auflagen
Schaaffhausen;Schaffhausen
(Philippsthal;(-Philippsthal
Orsav;Orsay
Suleiman;Sulejman
Tantimen;Tantièmen
Ost. ;Öst. 
Ostergöttland;Östergöttland
Osterr;Österr
Osterreichischen;Österreichischen
Agyptolog;Ägyptolog
Palace Hotel;Palace Hôtel
Palast Zupa Houtianska;Palást Zupa Houtianska
Pallavieini;Pallavicini
Papst Pius XXI.;Papst Pius XI.
Paradiesreiherr;Paradiesreiher
PardubiCek;Pardubiček
Pardubicky;Pardubičky
Parsifall;Parsifal
Pedaranda;Peñaranda
Penizek;Penižek
Pensior;Pension
Perthsshiree;Perthsshire
Petrolleum;Petroleum
Pfarers;Pfarrers
Pireet;Piret
Pitoff;Pitoëff
Ploß;Plóß
Podstatkr;Podstatzky
Poincar ;Poincaré 
Polkomm.;PolOKomm.
Pongräcz;Pongrácz
Post Ormo,;Post Ormož,
Post Tri;Post Tržič
Posta Lovčice;Posta Lovice
Text s. 6.;
Potstyn;Potštyn
Textnebenstehend,;
1 Statth;† Statth
Inf Trp;InfTrp
bevollm,;bevollm.
Text S. 5.;
HR. 1o;HR. 10
UR. s;UR. 5
Ljubičié;Ljubičić
Boroevié;Boroević
Pourtales;Pourtalès
Pourtals;Pourtalès
„Quirinal ;„Quirinal“ 
 fel ; fiel 
Pranziska;Franziska
Agide;Ägide
Manver;Manöver
Preiherrn;Freiherrn
Vares ;Vareš 
entzürdung;entzündung
S. ro;S. 10
LFHD.;LwFHD.
Goluchowski;Gołuchowski
v. Dugosz;v. Długosz
Podgora ;Podgorač 
Kr. Jasio;Kr. Jasło
Aguilár;Aguilàr
Lewinne;Lewine
Dlugosz;Długosz
Langenois;Langenlois
Odön;Ödön
Chálonssur-Marne;Châlons-sur-Marne
Osterreich;Österreich
Frivolits;Frivolités
Pourtalés;Pourtalès
d’Uzes;d’Uzès
Tert S. 5.;
Seineet-Oise;Seine-et-Oise
Terts.7;
Kammerer;Kämmerer
Prilep;Přilep
Prinzessin Stirber;Prinzessin Stirbey
Uiseró-Taitu;Uiserò-Taïtu
5oo;500
.ooo;.000
1o13;1913
Terts.4;
Min. alatere;Min. a latere
½r;½1
Prineipi;Principi
Propet;Propst
Tert nebenstehend.;
Prose-Pošna;Proseč-Pošna
ProseC;Proseč
Przemysl;Przemyśl
1o14;1914
Préic;Prčic
Tert s. 4;
Préie;Prčie
Pröhten;größten
Punta d’Östro;Punta d’Ostro
Pálfft;Pálffy
Qustor;Quästor
Radziwill;Radziwiłł
Kieyzzaił ;Kieyzzaiło 
Kieyzzaił);Kieyzzaiło)
Zawisza-Kieyzzailo;Zawisza-Kieyzzaiło
Rzewska;Rzewuska
Radö;Radó
de turbe;de Yturbe
 ussuf; Yussuf
Markhamm;Markham
über Odön;Uber Ödön
über Ödön;Uber Ödön
Rakian;Rakičan
Regassessor;RegAssessor
Regates;RegRates
Restitutta;Restituta
Rečié;Rečić
Rhöne;Rhône
Rhönetal;Rhônetal
Tieffer thal;Tieffenthal
945 Uhr;9.45 Uhr
Heilbronr;Heilbronn
Romaszkann;Romaszkan
Cimelitz;Čimelitz
»Janusc ;»Janus« 
Roznöw;Rožnów
Ruckkehr;Rückkehr
Tert 5.4.;
Text unter „Text zum Titelbild ;
Susak;Sušak
Text unter, Text zum Titelbild«,;
Text unter „Text zum Titelbilde«.;
Tert unter,Text zum Titelbid, ;
Text obenstehend.;
Tauff kirchen;Tauffkirchen
FHR. 1o;FHR. 10
I. Kl.;1. Kl.
„Atelier Adele,;„Atelier Adele“,
730 Uhr;7.30 Uhr
»Pension Quisisanac;»Pension Quisisana«
»Hotel Casino ;»Hotel Casino« 
 Pension Quisisanac; »Pension Quisisana«
Gemeins, ;Gemeins. 
à I. s.;à l. s.
3otägige;30tägige
Toggen burg;Toggenburg
 ists ; ist's 
Rudnyansky;Rudnyanßky
Rudolt;Rudolf
Otatrafüred;Ótatrafüred
RuziCié;Ruzičić
»Engadiner Kulm-Hotel:;»Engadiner Kulm-Hotel«
Agypten;Ägypten
Omorovicza;Ómorovicza
 pro ecclesia et pontifice«; »pro ecclesia et pontifice«
Cerche;Cercle
Offentlichkeit;Öffentlichkeit
Adorjan;Adorján
Jovanovió;Jovanović
»Atelier Adele,;»Atelier Adele«,
Text 5. „Text zum Titelbild,;
Test unter »Text zum Titelbild;
Text 5. „Text zum Titelbild«,;
Text nebenstehend;
Räda;Ráda
Teodorcwicz;Teodorowicz
Räday;Ráday
Rözsa;Rózsa
Sahy;Šahy
»Gneisenau ;»Gneisenau« 
Sandor;Sándor
Saraci;Saraçi
Saragi;Saraçi
TextS.8;
Schilingstürst;Schillingsfürst
Hermanméstec;Heřmanměstec
Schlof;Schloß
Schloß Cech;Schloß Čech
Schloß Dević;Schloß Dřević
Tebomislyc;Třebomislyc
Winar;Winař
Schmäcken;schmücken
Schnes ;Sohnes 
Schönborn Buchheim;Schönborn-Buchheim
Sedlany;Sedlčany
Seergeant;Sergeant
Sefior;Señor
Seiour;Séjour
Sejor;Señor
Sekt Chef;SektChef
Sekt Chel;SektChef
Sekulić;Sekulič
Senor;Señor
Senora;Señora
Senttenberg;Senftenberg
Serora;Señora
Shelagh;Shelag'h
Sioppe;Soppe
Sklavinn;Sklavin
Smaland;Småland
Smena;Smečna
Societty;Society
Spitalern;Spitälern
Srent;Szent
Ssent;Szent
St. Montz;St. Moritz
Stankovic;Stankovič
Star Lubovna;Stará Lubovna
Starzenska;Starzeńska
Stattvefindenen;stattgefundenen
Stiavnicka;Štiavnička
Stransic;Stranšic
Stritež;Střitež
Styrces;Styrcea
Stétkowitz;Stětkowitz
Supancić;Supančić
Swirz;Šwirz
Szent-Märton;Szent-Márton
Szentandrás;Széntandrás
Szäszrégen;Szászrégen
Szöllösvégard ;Szöllösvégardó 
Söhnee;Söhne
Tagcrme;Tagcrême
Talhout Roy;Talhouët Roy
Tallian;Tallián
Tallos;Tallós
Tarsasag;Társaság
Tatransky;Tatranský
Tatói;Tatóï
Teodorc;Teodoro
The dansant;Thé dansant
Thétre;Théâtre
Todesfalle;Todesfälle
Tothvárady-Asboth;Tóthvárady-Asbóth
Traissen;Traisen
»Villa Goldeck ;»Villa Goldeck« 
Trakostyan;Trakoštyan
Tralung;Trauung
tädlich;tödlich
Trebomislyc;Třebomislyc
Grubi¬;Grubić
»Villa Erica ;»Villa Erica« 
Inf Brig;InfBrig
Trebomyslic;Třebomyslic
Trenin;Trenčin
Puho¬;Puho
OOst;OÖst
Trić;Tržič
Pai¬;Paić
Frits.;Fruits.
Komteß¬;Komteß
Tržié;Tržič
St. Josef zu Dotic;St. Josef zu Dožic
Tschurtschenthaller;Tschurtschenthaler
Tápiöszele;Tápiószele
Tárnök;Tárnók
Edler Ceconi¬;Edler Ceconi
ist Life-Guards;1st Life-Guards
 Stephanie-Stiftung«; »Stephanie-Stiftung«
Társasag;Társaság
Téte;Tête
GenKavInsp,;GenKavInsp.
Pice de;Pièce de
Champagne up;Champagne cup
 rotis; rôtis
Kálmár;Kálmán
Regents Park;Regent's Park
Causevié;Čausević
 ussuf; Yussuf
Mexik¬;Mexiko
Téte-Ball;Tête-Ball
Téte-ä-tSte;Tête-á-tête
Stifts. ;StiftsD. 
Téteball;Têteball
Třebil;Třebič
Montignysur-Aube;Montigny-sur-Aube
Cote d’Or;Côte d’Or
Ish-Kul;Ish-Këul
Koir;Košiř
Brezka;Březka
UZžhorod;Užhorod
 Imperial-Hotel«; »Imperial-Hotel«
Uber;Über
Uberraschung;Überraschung
Uberreichung;Überreichung
Ubrigens;Übrigens
Uchtritz;Üchtritz
Uchtritz-Amade;Üchtritz-Amadé
Uchtritz-Amadé;Üchtritz-Amadé
Ujsag;Ujság
Univ Prof.;UnivProf.
Univ Professor;UnivProfessor
Universiastr;Universitätsstr
Unter-Berkowic;Unter-Beřkowic
Unterbefkowic;Unterbeřkowic
Unterberkowic;Unterbeřkowic
Urményi;Ürményi
Uszögh;Üszögh
Uxküll;Üxküll
Užiki;Užički
VERMÄHLUNO;VERMÄHLUNG
High-lfe;High-life
High-liffe;High-life
Valsässina;Valsássina
SCHONHEITSGALERE;SCHÖNHEITSGALERIE
SCHONHEITSGALERIE;SCHÖNHEITSGALERIE
KONNZERTE;KONZERTE
Kleruss;Klerus
 poélé ; poêlé 
à la Molle;à la Moëlle
Péche ;Pêche 
Vasonykeö;Vásonykeö
Vavrecka;Vavrečka
Vebelhör;Uebelhör
WELTUND;WELT UND
Vehrad;Vyšehrad
Velinek;Jelinek
Vendöme;Vendôme
Vendömes;Vendômes
Vermahlung;Vermählung
Veszprimm;Veszprim
Viana;Viaña
Vicuna;Vicuña
Vietris;Vietóris
Vietöris;Vietóris
Vinaza;Viñaza
Voinovitch;Voïnovitch
Vomacka;Vomačka
Vrac;Vršac
Vränceni;Vrânceni
Vysehrad;Vyšehrad
Váralia;Váralja
Väsáros;Vásáros
Väsárosnamény;Vásárosnamény
WAkö;Nákó
Wako;Nákó
Wapv;Nagy
Weesens;Wesens
WeiBer Hirsch;Weißer Hirsch
Weidenteld;Weißenfeld
Welsersheiml;Welsersheimb
Westminsterhotel;Westminsterhôtel
Wiera;Nizza
Wihelm;Wilhelm
Wisniewski;Wiśniewski
Worbert;Norbert
Wrada;Wražda
Zagosciniec;Zagościniec
Zauberflte;Zauberflöte
Zelanka-Zeleński;Želanka-Želeński
Revést es Biro;Revést és Biro
Zichr;Zichy
Zivnostenská;Živnostenská
Boroević;Boroëvić
Zlunic und Hlusic;Žlunic und Hlušic
Zoltan;Zoltán
Zoltän;Zoltán
Zupa;Župa
Zähony;Záhony
Zäsmuk;Zásmuk
a. S. R.;Č. S. R.
 bruljević; Ibruljević
alsländischen;ausländischen
begaber;begaben
begreifflicherweise;begreiflicherweise
bekanntich;bekanntlich
beleisteten;geleisteten
beschlieBen;beschließen
bestrt;besitzt
bewanndert;bewandert
carbonne;carbone
childdren;childrens
chirrurgischen;chirurgischen
d. Kes;d. Res
darann;daran
de Sard;de Sáard
diskrett;diskret
domee;dome
domitilieren;domizilieren
d’Elegance;d’Élégance
erang.;evang.
faisan rtti;faisan rôti
fantömes;fantômes
gefsiert;gefeiert
gelevenen;gelegenen
geweser;gewesen
hervortatt;hervortat
ihrei ;ihrer 
jingeren;jüngeren
k. u. E.;k. u. k.
karambolieren;karámbolieren
langahrigen;langjährigen
ler Haderas;Mezö-Madaras
ler Samsond;Mezö-Sámsond
liüngsten;jüngsten
llädchen;Mädchen
lumineusse;lumineuse
mnrde;wurde
mährend;während
r6;16 
roo1;1901
roo2;1902
roo3;1903
roo4;1904
roo5;1905
roo6;1906
roo7;1907
roo8;1908
roo9;1909
rooz;1903
tchue;tchèque
à I. s.;à l. s.
»Villa Mignone;»Villa Mignon«
O.-O.;O.-Ö. 
u. S. R.;Č. S. R.
Boroević;Boroëvić
Gawril;Gawriil
Mawrikiewna;Mawrikiëwna
unterstätzt;unterstützt
Jurkovié;Jurković
Ost. Schlesien;Öst.-Schlesien
v. Zborite;v. Zborište
v. Fay;v. Fáy
Aroplan;Aëroplan
Ldes. hptm.;Ldes.-hptm.
v. Rakovsky;v. Rakovßky
v. S. R.;Č. S. R.
v. Strite ;v. Střitež 
Schloß Welek;Schloß Wežek
»Metropole ;»Metropole« 
Karday-Reic;Kardaš-Rečić
FB. ;FJB. 
Lemai¬;Lemaić
verchrte;verehrte
verwitwett;verwitwet
vollrog;vollzog
von Dino;von Džino
voribergehendem;vorübergehendem
vorn.;vorm.
vunderschöne;wunderschöne
welland;weiland
zurdck;zurück
zuruck;zurück
Äußerdem;Außerdem
Äußernstein;Außernstein
Östen;Osten
Östern;Ostern
Ehrenworte »Edler ;Ehrenworte »Edler« 
Bat Führer;BatFührer
Nompre;Nompére
Östrau;Ostrau
Palazzo Ca Correggio;Palazzo Cà Correggio
Dessedet;Dessedèt
»Hotel Meißl & Schadn ;»Hotel Meißl & Schadn« 
Piff¬;Piffl
»Königin Alexandra ;»Königin Alexandra« 
Ujezd;Üjezd
Cyrek;Cvrček
Min. Präs.;Min.-Präs.
»Hotel Hopfenstock ;»Hotel Hopfenstock« 
Ullöi;Üllöi
Tettlen;Tetétlen
sängerinn;sängerin
»Hotel Straubinger¬;»Hotel Straubinger«
 Quisisana«; »Quisisana«
Östsee;Ostsee
y Callejon;y Callejón
Zapresić;Zaprešič
Visnové;Višnové
Chotébof;Chotěboř
Raffaele;Raffaële
Ratiboritz;Ratibořitz
 Priler; Přilep
Stritež;Střitež
Ssimirsk;Ssimbirsk
Scheepfe;Schnepfe
Abdul-Halim;Abdul Halim
Damad Rauf;Damad Raùf
»Goldenen Stern ;»Goldenen Stern« 
Sans-Gène;Sans-Gêne
Agyptisch;Ägyptisch
Nabf;Nabř
Kossor,;Kossorž,
Czizek;Czjzek
Vien;Wien
Strzemie-Golkowski;Strzemię-Gołkowski
Hanus ;Hanuš 
 Sennye; 'Sennye
Strite ;Střitež 
Zupa;Župa
 Sennyev; 'Sennyey
Me Grath;Mc Grath
de La Grandiee;de La Grandieře
Lndes räs;LndesPräs
Chotélic;Chotělic
Tržić;Tržič
Trebić;Třebič
Kotz von Doby;Kotz von Dobř
v. Tonić;v. Tončič
Dusan ;Dušan 
Eger-Grić;Eger-Grič
Gastan ;Gaëtan 
Maitia;Maïtia
Orduna ;Orduña 
Speengergasse;Spengergasse
v. Goilaw;v. Goïlaw
Belise, Jugoslawien;Belišće, Jugoslawien
Zleb;Žleb
Chateau;Château
Bubna-Litić;Bubna-Litič
Dir Stellvertr;DirStellvertr
Bezdékau;Bezděkau
Gatan;Gaëtan
Bela;Béla
Provencal;Provençal
Bofek-;Bořek-
Dohalsky;Dohalský
Chotébof;Chotěboř
Wocher ;Wochen 
Nemyl;Nemyšl
Uxküll;Üxküll
heimb-Uch;heimb-Üch
Schloß Tel ;Schloß Telč 
Veselicko;Veseličko
Sátoraljaujhely;Sátoraljaújhely
Vavrecka;Vavrečka
Uchtritz;Üchtritz
KovaFik;Kovařik
Peut-tre;Peut-être
suprme;suprême
Timpuissante;l'impuissante
Lieffrayant;L'effrayant
 Fra ; Frá 
Zdár ;Ždár 
de Zamos ;de Zamośé 
Schloß Lubovia;Schloß Lubovňa
Europpe;Europe
Bilé Poliany;Bilé Poličany
Poló ;Polo 
Bolek-Do;Bořek-Do
Némeček;Němeček
Téte Soirée;Tête Soirée
Sobéslav;Soběslav
Grodków-Lo ;Grodków-Łoś 
H. G. Kosel;H. C. Kosel
Koutouzov;Koutoùzov
Nyiträ;Nyitra
Jarmerice;Jarmeřice
v. Subri;v. Subři
Samtvétement;Samtvêtement
Dudas ;Dudás 
v. Eber ;v. Éber 
Oeremonienmeister;OZeremonienmeister
Zalu ;Załuź 
Dobržensky;Dobrženský
Ruzicka;Ružićka
Goluhoska;Goluhovska
Héloise;Héloïse
Geëmen;Gečmen
Lwöw;Lwów
Übelli;Ubelli
Atelier Angelo, Budapest Paris.;Atelier Angelo, Budapest — Paris.
Jellaió;Jellačić
Zoričić;Zoričič
Maroii";Maročić
Maroii“;Maročić
Vavrecka;Vavrečka
Faa di;Fàa di
FranQaise;Française
Hotel de la Paix;Hôtel de la Paix
Hotel des Bergues;Hôtel des Bergues
Hotel de Russie;Hôtel de Russie
BegrüBung;Begrüßung
Spoleensky;Společenský
Mukaevo;Mukačevo
Diner de Gala;Dîner de Gala
Atelier Manass,;Atelier Manassé,
Pistoras;Pištoras
Schloß Horin;Schloß Hořin
Östern;Ostern
Nustar;Nuštar
Maroii;Maroičić
 psilanti; Ypsilanti
Hruby-Geleny;Hruby-Gelený
Munoz;Muñoz
Krimic;Křimic
Maroiié;Maroičić
Schloß Zadlovic;Schloß Žadlovic
Schloß Telé;Schloß Telč
Schloß Nieswic;Schloß Niešwicž
Hržié;Hržić
Plesivec;Plešivec
Hruby-Geleni;Hrubý-Geleni
Stritež;Střitež
StriteZ;Střitež
Piskaek;Piskaček
Pogaónik;Pogačnik
Postovni Urad;Poštovni Uřad
Vétements;Vêtements
Forét;Forêt
Maftres;Maîtres
Gomtesse;Comtesse
Bfeclav;Břeclav
Bfeclay;Břeclav
Sobéslav;Soběslav
Mezirii;Meziříčí
Mezirići;Meziříčí
Unterberkovic;Unterbeřkovic
Dańek;Daňek
Deym von Strite ;Deym von Střitež 
Ružićić;Ružičić
Ružiić;Ružičić
Ružiëió;Ružičić
Natasa;Nataša
Vrchlicky Park;Vrchlický Park
Zemsky Urad;Zemský Uřad
Podébrad;Poděbrad
Suvi-Dieballa;Süvi-Dieballa
Chlumecky-Lowenthal;Chlumecký-Lowenthal
Cote d’Azur;Côte d’Azur
Fete ;Fête 
d. Außern;d. Äußern
Reuß A. L.;Reuß Ä. L.
Sándor-üt;Sándor-út
Libora;Liborča
Liboréa;Liborča
Nasice;Našice
Daicky v. Heslova;Dačicky v. Heslova
Percević;Percevič
Frantisek;František
Dobfzensky;Dobřzensky
Tosi ;Toši 
Rajié;Rajić
Mnisek;Mnišek
Strančic;Stránčic
Mittrowsky;Mittrowský
Reisky;Reiský
Théätre;Théâtre
Select-Palace-Hotel;Select-Palace-Hôtel
Némeckybrod;Německybrod
Hotel Exzelsior;Hôtel Exzelsior
iensttag;ienstag
Chotélitz;Chotělitz
Conte Treves;Conte Trèves
Sant Agapito;Sant' Agapito
Niculent;Niculènt
de Périgny;de Plérigny
Lažansky;Lažanský
Cardenas;Cardeñas
de Benomár;de Benomàr
»Pension Vecsey ;»Pension Vecsey« 
Gacs-Holić;Gács-Holič
Vydfiu Daic;Vydři u Dačic
a. d. Bewa;a. d. Bečwa
Lubno-Lubnieńska;Łubno-Łubnieńska
Zupa Bratislawa;Župa Bratislawa
Valencay;Valençay
Jaromérice;Jaroměřice
Bechyné;Bechyně
Rennvacht;Rennyacht
Horovic;Hořovic
de la Förest;de la Fôrest
Chateau;Château
Chotébor;Chotěboř
Velké-Hostérádky;Velké-Hostěrádky
Radziwill;Radziwiłł
Czeslaw;Czesław
Text unter Text zum Titelbild.;
a. d. Oder¬;a. d. Oder
Gradaac;Gradačac
Tirjäger;TirJäger
Beg Pasi ;Beg Pašić 
Prileszky;Prileśzky
maritimm;maritim
Nikodemos Milas;Nikodemos Milaš
Tirkaisjäg;TirKaisJäg
Schloß Zelić;Schloß Zelič
Schloß Stirim;Schloß Stiřim
Schloß Lesna;Schloß Lešna
»Villa Victor ;»Villa Victor« 
Horowitz;Hořowitz
v. Hruby;v. Hrubý
Prag-Buben,;Prag-Bubenč,
Geëmen-Waldek;Gečmen-Waldek
Volesovice;Volešovice
Národni Tr.;Národní Tř.
Oswiecim;Oświecim
Schloß Nisi ;Schloß Nišič 
Schloß Zeló;Schloß Zelč
Kotz v. Dobl;Kotz v. Dobř
Cote ;Côte 
Bofek-Dohalsky;Bořek-Dohalský
Borek-Dohalsky;Bořek-Dohalský
Vadászkurt;Vadászkürt
Olgemälde;Ölgemälde
Uchtritz;Üchtritz
Schloß Cech;Schloß Čech
Krnicki;Krýnicki
Przeždziecki;Przeździecki
Hruby-Rohozec;Hrubý-Rohozec
Trenin;Trenčin
Tonéié;Tončić
Zidlická;Židlická
Mastny;Mastný
de Magelhäes;de Magelhães
Krulis-;Kruliš-
Safarik-PStrosz;Šafařik-Pštrosz
Safarik-Pstrosz;Šafařik-Pštrosz
Skola;Škola
Dr. Hodáć;Dr. Hodáč
Matousek;Matoušek
Chmelar;Chmelař
Hanus ;Hanuš 
Pospisil;Pospíšil
Vavrecka;Vavrečka
Orechovka;Ořechovka
Pázmand;Pázmánd
Geêmen;Gečmen
Braganga;Bragança
Östern;Ostern
Almasy;Almásy
Vigo Rossö;Vigo Rossò
Goić;Goič
Topolóany;Topolčany
Prasice;Prašice
-üt;-út
Matié v. Dravodol;Matić v. Dravodol
Schelhammer 8;Schelhammer &
Nabf,;Nabř,
Goié;Goić
Schloß Horovice;Schloß Hořovice
Gruji ;Grujić 
groBem;großem
Potstejn;Potštejn
Kotz v. Dobr;Kotz v. Dobř
Sulkowski;Sułkowski
Horovic;Hořovic
Littenice;Littenčice
HoStice;Hoštice
Pohofelic;Pohořelic
Brezno;Březno
Kalman;Kálmán
Vickers 8 Armstrong;Vickers & Armstrong
Schloß Krimic;Schloß Křimic
Maina Lobkowicz;Maïna Lobkowicz
Hanus Kolowrat;Hanuš Kolowrat
Schloß Medlesic;Schloß Medlešic
Hruby-Rohozec;Hrubý-Rohozec
Schloß Breznic;Schloß Březnic
Pfibram;Přibram
Geêmen;Gečmen
Hanie Krskany;Hanie Krškany
Francoise;Françoise
Thérése;Thérèse
Hosteradice;Hošteradice
Murawiew;Murawiëw
Favon ;Façon 
Rhabonban;Rhabonbán
Zandirham;Zandirhám
Villa Bres;Villa Brès
Jahrh,;Jahrh.
Port Said;Port Saïd
Térésa;Térèsa
Highlife;High-life
Puzyna;Pužyna
Cervena Lhota;Červena Lhota
Condes ;Condés 
Abránfalva;Ábránfalva
Seineet-Oise;Seine-et-Oise
de Maille;de Maillé
di Cau;di Caù
Sinnfonie;Sinfonie
Compte;Compôte
Jeftanovié;Jeftanović
Felseichen-Kosmać;Felseichen-Kosmač
Christöphorus;Christóphorus
Bystrice;Bystřice
Sauce Madere;Sauce Madére
Flütes;Flûtes
Chlumecky;Chlumecký
Valiy;Vally
Zeid Hussein;Zeïd Husseïn
Ismail;Ismaïl
Schloß Breznic;Schloß Březnic
SantElia;Sant'Elia
Msre;Msgre
Schloß Jicinoves;Schloß Jičinoves
Schloß Jićinoves;Schloß Jičinoves
Schloß Budisov;Schloß Budišov
Vetement;Vêtement
Kieyžgajlo;Kieyżgajlo
O-Kigyós;Ó-Kigyós
des Maréts;des Marêts
Seńora;Señora
Dona ;Doña 
Segura y Sanz;Segura y Saënz
Tonóić;Tončić
Knéž;Kněž
 ut ; út 
Chlumecky;Chlumecký
Kuëera;Kučera
O-Kigyós;Ó-Kigyós
Benes ;Beneš 
Adele;Adèle
pfikopé;přikopě
Miliéević;Milićević
Dzieslewska;Dzieślewska
Csárdas;Csárdás
Péle-Mle;Pêle-Mêle
-üt ;-út 
Antió;Antić
Erzbischof von Prag Dr. Kaspar;Erzbischof von Prag Dr. Kašpar
Dr. Samal;Dr. Šamal
Trebon;Třeboň
Bohême;Bohème
Hodossy;Hódossy
Potstejn;Potštejn
Euphrösina;Euphrosina
Holecková;Holečková
Träisté ;Tržiště 
Stépánská;Stěpánská
Przezdziecki;Przeżdziecki
Cernikowic;Černikowic
Schloß Zelić;Schloß Zelič
Post Prasie;Post Prasiče
Topolóany;Topolčany
Ridka in Böhmen;Řidka in Böhmen
Place Vendome;Place Vendôme
Conde Bailen;Conde Bailén
Skalicka;Skalička
Rudolf Kuera;Rudolf Kučera
Schloß Alcsut;Schloß Alcsút
Cervena Lhota;Červena Lhota
Zoltowski;Zołtowski
Cerv. Pecky;Červ. Pečky
Veselicko;Veseličko
Telé ;Telč 
Schloß Telë;Schloß Telč
Snémovni;Sněmovni
Maroićié;Maroičić
Schloß Mésic;Schloß Měšic
Léon Nol;Léon Noël
Schloß Horin;Schloß Hořin
Koscielniki;Kościelniki
Zoltan;Zoltán
Maroićić;Maroičić
Borek-Dohalsky;Bořek-Dohalský
Velké-Mezirii;Velké-Meziřiči
Hermanméstec;Heřmanměstec
Rostr b. Malesov;Rostěř b. Malešov
Adelaide;Adelaïde
Visnjagora;Višnjagora
Trenin ;Trenčin 
Velká Byta;Velká Bytča
Václavské námésti;Václavské náměsti
Przemysl;Przemyśl
Halić-Gács;Halič-Gács
Geêmen;Gečmen
Kuéera;Kučera
Univ Prof;UnivProf
Zadlovic;Žadlovic
Podstatzky;Podstatzký
Korosec;Korošec
Chlet ;Châlet 
Kniaže;Kniaże
Sniatin;Śniatin
Todesälle;Todesfälle
J’spre;J’éspère
Lepkowski;Łepkowski
Dänémark;Dänemark
Nemysl;Nemyšl
Alcsüt;Alcsút
Budapest —Paris;Budapest — Paris
Potsteyn;Potšteyn
v. Fay;v. Fáy
Kuéera;Kučera
Angyan;Ángyan
Uxküll;Üxküll
Vendóme;Vendôme
Gemmen;Gečmen
Geêmen;Gečmen
Golkowski;Gołkowski
Golkowska;Gołkowska
Golebiowska;Gołebiowska
Golebiowski;Gołebiowski
Sulkowski;Sułkowski
Sulkowska;Sułkowska
Choloniewska;Chołoniewska
Choloniewski;Chołoniewski
Orlowski;Orłowski
Porgés-Wodianer;Porgès-Wodianer
Barreto Galvo;Barreto Galvão
OstSchlesien;ÖstSchlesien
Beaulieusur-Meer;Beaulieu-sur-Meer
Ctrtecka;Čtvrtečka
auf Zrud ;auf Zruč 
Friisenborg;Frijsenborg
Orlowska;Orłowska
fashonable;fashionable
jardiniere;jardinière
»Österr.-ungar. Invalidendank ;»Österr.-ungar. Invalidendank« 
Majlath;Majláth
Joanović;Jowanović
Neuchätel;Neuchâtel
GDur;G-Dur
laméricaine;l'américaine
His Majestys;His Majesty's
langlaise;l'anglaise
Dallas-Torke;Dallas-Yorke
Cernikovié;Černiković
Suprémes;Suprêmes
Attlanta;Atlanta
 glace ; glacée 
Csázy v.;Csúzy v.
Sables ;Sablés 
Sévigne;Sévigné
Bouches;Bouchées
Kovarik;Kovařik
Rocheforten velines;Rochefort-en-Yvelines
à la Carme;à la Carême
Bayeno;Baveno
Gateau;Gâteau
Nustar;Nuštar
Dr. Kaspar;Dr. Kašpar
Michail Michailowitsch;Michaïl Michailowitsch
Tonkheern;Yonkheern
La Bohme;La Bohême
Istvan Abraham;István Ábraham
v. Csuz;v. Csúz
Satin broche;Satin broché
Stirim;Stiřim
Jiri;Jiří
Causevié-Menschura;Causević-Menschura
Khan Rais;Khan Raïs
Consomme;Consommé
d’zés;d’Uzès
»Hotel Maxhof¬;»Hotel Maxhof«
Quste;Quête
»Neuen Palais ;»Neuen Palais« 
Jarzebecki;Jarzębecki
Vendóme;Vendôme
Otvös;Ötvös
Braganga;Bragança
Bussee;Busse
 Fürstenhof«; »Fürstenhof«
Safal-Mémalek;Safa-ol-Mémalek
Béloschitz;Běloschitz
Alleegorie;Allegorie
Manover;Manöver
Skultur;Skulptur
KorvKpt. Uhlir;KorvKpt. Uhliř
Porgés-Wodianer;Porgès-Wodianer
Mohssen Khan;Mohssén Khan
Ipolysag;Ipolyság
Schloß Teló;Schloß Telč
Peneranda;Peñeranda
Salade milde;Salade mêlée
»Vesu«;»Vesuv«
 peches; pêches
Novaković;Novakovič
Standuartier;Standquartier
v. Leski;v. Lęski
v. Leska;v. Lęska
Kritek;Křitek
König Manel;König Manoël
Schloß Veselicko;Schloß Veseličko
de turbe;de Yturbe
Tody;Tódy
Vandires;Vandières
kmdt,;kmdt.
Olporträt;Ölporträt
Nieswie ;Nieświež 
Nieswie,;Nieświež,
Hofkommissär;HofOkommissär
 Cresta Palace«; »Cresta Palace«
de Agura;de Aguëra
d’Asnieres;d’Asnières
de Montferre;de Montferré
Bezanec;Bežanec
Dr. v. Roza;Dr. v. Roža
Käszon;Kászon
Troüsseaux;Trousseaux
Nustar;Nuštar
Jai ;J'ai 
zu Fofin;zu Hořin
Horin ;Hořin 
Breznic;Březnic
Breznié;Březnic
Obristvi;Obřistvi
Schloß Chotoviny;Schloß Chotovíny
Schaulys;Šchaulys
Csl. Jockey;Čsl. Jockey
 Kälteschutz«; »Kälteschutz«
Scior di;Sciòr di
Erzsébet ter;Erzsébet tér
 Wr. Salonblatt«; »Wr. Salonblatt«
 Wiener Salonblatt«; »Wiener Salonblatt«
Viskovsky;Viškovský
Klean;Klečan
Horovic;Hořovic
Goöss;Goëss
Küras gt;KürassRgt
Cokorać;Cokorač
Geêmen;Gečmen
Skrbensky;Skrbenský
TSerclaes;T'Serclaes
Novohradsky;Novohradský
Podhajsky;Podhajský
Frangaise;Française
Hristie;Hřištie
Unterkiefer kontusion;Unterkieferkontusion
Gemen-Waldek;Gečmen-Waldek
Josimović;Josimovič
Gandy Queralt;Gand y Queralt
Schloß Krimic;Schloß Křimic
Hanus ;Hanuš 
Zdenék;Zdeněk
Fay-Halász;Fáy-Halász
Hržié-Topuska;Hržić-Topuska
Hrzié-Topuska;Hržić-Topuska
FranQoise;Françoise
Moscicka;Mościcka
Pistyan;Pistyán
na Moravé;na Moravě
de Parcent;de Parcènt
Chmelar;Chmelař
Chotěbor;Chotěboř
Krüliš;Krůliš
Théätre;Théâtre
Nádhernýy;Nádherný
frangaise;française
Benes;Beneš
Skoda;Škoda
b. Tesin;b. Tešin
Krasinska;Krasińska
Türy;Túry
d’äme;d’âme
de Staal;de Staël
Schloß Zagorz;Schloß Zagórz
Troubetzkoi;Troubetzkoï
Potstejn;Potštejn
Sobéslau;Soběslau
Cervena;Červena
Ismail;Ismaïl
Magyar-Ovár;Magyar-Óvár
Sverljuga;Šverljuga
Erszentkirály;Érszentkirály
GESELLSCHAET;GESELLSCHAFT
DERGESELLSCHAET;DER GESELLSCHAFT
WELTUND;WELT UND
Jaromérice;Jaroměřice
Vortäge;Vorträge
Consurs;Concours
üjság;újság
Lavette;Layette
TODESFALLE;TODESFÄLLE
KLERUSS;KLERUS
Kleruss;Klerus
GESELL-SCHAFT;GESELLSCHAFT
SCHONHEITSGALERE;SCHÖNHEITSGALERIE
SCHONHEITSGALERIE;SCHÖNHEITSGALERIE
(Leib ¬ );(Leib-)
Stétkovice;Štětkovice
Sedlany;Sedlčany
Gûter;Güter
Jablonowo;Jabłonowo
Trusseaux-Layettes; Trusseaux — Layettes
Trusseaux-Lingerie; Trusseaux — Lingerie
Lingerie-Teagowns;Lingerie — Teagowns
Assêne;Assène
Litičc;Litič
FranQoise;Françoise
Alcsüt;Alcsút
Nuntius¬;Nuntius
Cernice;Černice
Sudomérice;Sudoměřice
Sudomerice;Sudoměřice
VER-LOBUNG;VERLOBUNG
Nieswiež;Nieświež
Maroičié;Maroičić
Hochzeitstafcl;Hochzeitstafel
Err. ;Exz. 
Myzeyen;Myzeyèn
Poznan;Poznań
Schloß Mésic;Schloß Měšic
Saulys;Šaulys
West phalen;Westphalen
Etoile;Étoile
Dr. Benes ;Dr. Beneš 
Almáasy;Almásy
Bésan;Bésán
 österreich; Österreich
Frä ;Frà 
Moy,;Moÿ,
Moy ;Moÿ 
Moý;Moÿ
Cote d’Azur;Côte d’Azur
Fortsetaung;Fortsetzung
Unbruch;Umbruch
Senor;Señor
SeHora;Señora
Dona ;Doña 
plutöt;plutôt
Velé ;Velč 
Velé.;Velč.
Tisljar;Tišljar
Prokesch-Östen;Prokesch-Osten
Budisov;Budišov
Dr. Benes;Dr. Beneš
Zuków;Żuków
Vendóme;Vendôme
Jičinéves;Jičiněves
Kaludjertschié;Kaludjertschić
et äme;et âme
Joscfa;Josefa
Mot-Chandon;Moët-Chandon
Schloß Dobřis;Schloß Dobřiš
Monte Veritá;Monte Verità
Elégance;Élégance
Eugêne;Eugène
Roztér;Roztěr
Malesov;Malešov
Nárame ;Nárameč 
Brcclav;Břeclav
Bfeclav;Břeclav
Libéjitz;Libějitz
Lańcut;Łańcut
Zóltowska;Zółtowska
Faiza;Faïza
Faika;Faïka
Hruby;Hrubý
Lyka;Lÿka
Lýka;Lÿka
Bezaned;Bezaneć
Horräth;Horváth
Gunević;Gunčević
Třebiće;Třebiče
Csermak;Čsermak
Außerlichkeiten;Aeußerlichkeiten
Joža ;Jožia 
Eduard Benes;Eduard Beneš
Jaromérice;Jaroměřice
Némecký Brod;Německý Brod
Frá;Frà
di Qual ;di Quàl 
Hidjü;Hidjú
LEstocg;L'Estocq
Trlinok;Trlínok
Čigijr;Cigijr
Nevésta;Nevěsta
Mésici;Měšici
Sudoméric;Sudoměřic
Gnmpendorferstr;Gumpendorferstr
FREMDE HOFE;FREMDE HÖFE
I. J.;l. J.
DIPIOMATIE;DIPLOMATIE
TODESFALLE;TODESFÄLLE
19ro;1910
Todesfäile;Todesfälle
Souveränab;Souverän ab
Arpád;Árpád
Ilse-vonne;Ilse-Yvonne
 ro. ; 10. 
187o;1870
 zoo ; 200 
UETSCHFFAHRT;LUFTSCHIFFAHRT
JAOD;JAGD
WISSENSCHAET;WISSENSCHAFT
1ors;1915
1. J.;l. J.
1o12;1912
VERMAHIUNGENUND;VERMÄHLUNGEN UND
GESELISCHAET;GESELLSCHAFT
DiPLOMATIE;DIPLOMATIE
Fri.;Frl.
TEXTZUM TTELBILD;TEXT ZUM TITELBILD
FREMDE HOFE;FREMDE HÖFE
FREMDE H0FE;FREMDE HÖFE
VERMAHIUNGENUND;VERMÄHLUNGEN UND
sojährige;50jährige
Ovár;Óvár
r847;1847
kat holischen;katholischen
 soo ; 500 
siebenbürgise;siebenbürgische
r. Nov;1. Nov
r891;1891
r900;1900
Olgemälde;Ölgemälde
1oo;100
7o. ;70. 
 roo ; 100 
19r8;1918
0o;00
Einfnß;Einfluß
Cestić;Cestič
Drezinko;Dřezinko
 f ; † 
GESELLSCHAET;GESELLSCHAFT
1o ;10 
I. J.;l. J.
1. J.;l. J.
187o;1870
186r;1861
KIACHE;KIRCHE
.ooo;.000
JAOD;JAGD
r920;1920
r. Kl.;1. Kl.
Techn, ;Techn. 
5oj;50j
1r.;11.
Uberse;Überse
r9ro;1910
ro11;1911
187r;1871
19ot;1901
 s ; 5 
Prrsien;Persien
2oo;200
o2;02
2o;20
9o;90
r9o7;1907
½r;½1
167r;1671
Zimmeruuer;Zimmerauer
ror5;1915
Oumpendorferstruße;Gumpendorferstraße
Gampendorferstr;Gumpendorferstr
r9or;1901
 0. ; 9. 
188t;1881
167o;1670
167r;1671
Zimmernuer;Zimmerauer
GESELISCHAET;GESELLSCHAFT
Zimmeraner;Zimmerauer
Dona ;Doña 
Gödöllö;Gödöllő
Krimic;Křimic
AtelierKosel;Atelier Kosel
Vodérad;Voděrad
Min. des außern;Min. des Äußern
Außeres;Äußeres
Devéič;Devčič
LJ.;l. J.
5o ;50 
Maria Schulc ;Maria Schul« 
Préic;Prčic
Uhric;Uhřic
Zhorz;Zhořz
Chateaubriand;Châteaubriand
 1 J.; l. J.
 z. Jänner; 2. Jänner
 z. Februar; 2. Februar
 z. März; 2. März
 z. April; 2. April
 z. Mai; 2. Mai
 z. Juni; 2. Juni
 z. Juli; 2. Juli
 z. August; 2. August
 z. September; 2. September
 z. Oktober; 2. Oktober
 z. Novem; 2. Novem
 z. Dezember; 2. Dezember
Budspest;Budapest
»Hoch- und Deutschmeister ;»Hoch- und Deutschmeister« 
Korzbok-Lacka;Korzbok-Łacka
Deák-tr;Deák-tér
Choloniewski;Chołoniewski
Herrma.;Herma.
Herrma ;Herma 
stift Schläg¬;stift Schlägl
Choloniewska;Chołoniewska
Prakt,;Prakt.
Chálons;Châlons
Notre-Dame-de-Gräce;Nôtre-Dame-de-Grâce
Marusevec;Maruševec
Lacarriere;Lacarrière
v. Wissenberg;v. Wisenberg
 Roten Kreuze«; »Roten Kreuze«
 Roten Kreuz«; »Roten Kreuz«
Ullöi;Üllöi
Fadilpasi¬;Fadilpašić
Tallian;Tallián
Jéröme;Jérôme
de Wagramm;de Wagram
 a la ; à la 
Kltty;Kitty
Vella ;Yella 
IR. 9r;IR. 91
Torned ;Torneå 
Champagne Mot Chandon;Champagne Moët Chandon
Obersilt.;Oberstlt.
GIstb;Glstb
gemäß 5 ;gemäß § 
Malachowska-Bylandt;Małachowska-Bylandt
v. Dugosz;v. Długosz
 1otz ; 1912 
Liebsteinsk y;Liebsteinsky
 0. Nov; 9. Nov
Preradovié;Preradović
s½;5%
rro½;110%
4½½;4½%
3½½;3½%
12o½;120%
120½;120%
5½½;5½%
Casaleiz;Casaleïz
2——26;24—26
Hotel Bristole; »Hotel Bristol«
 fel ; fiel 
 1 Freiherrn; † Freiherrn
 1 Fürst; † Fürst
 1 Graf; † Graf
OsterrSchlesien;ÖsterrSchlesien
Ateler;Atelier
HusRgt. †;HusRgt. 1
Hotel Grüner Baum:;»Hotel Grüner Baum«
1ors;1915
Zičic;žičic
stifte Maria Schul¬;stifte »Maria Schul«
1o1r;1911
des Kußern;des Äußern
Ldst GenIng;LdstGenIng
Hotel Hungariac; »Hotel Hungaria«
Schloß Pardubiće;Schloß Pardubiče
Hotel Steyrerhoft;»Hotel Steyrerhof«
1oo.ooo;100.000
Erzherzog Kari;ERzherzog Karl
La Prairiec; »La Prairie«
Hotel Adlonc; »Hotel Adlon«
Tir. KJägRgt;Tir.-KJägRgt
Hus. Rgt;Hus.-Rgt
St. James Palace;St. James' Palace
Queens Hall;Queen's Hall
Zampach;Žampach
Skts Chef;SktsChef
Podestá;Podestà
Dr. Jeglić;Dr. Jeglič
187071871;1870/1871
Kulukalić;Kučukalić
 Borromäum«; »Borromäum«
Hambiralovié;Hambiralović
Sustersić;Šusteršić
Gnmpendorferstr;Gumpendorferstr
Hotel Imperiale; »Hotel Imperial«
TirJägerregt;TirKJägerregt
Sahimpasić;Sahimpašić
Konzessin;Kronprinzessin
Suleiman;Sulejman
Hotel Hannovere; »Hotel Hannover«
Grand Hotel Puppe; »Grand Hotel Pupp«
Brand-Kopar¬;Brand-Kopal
della Sanitz;della Sanità
Klobućar;Klobučar
Fremde Höte;Fremde Höfe
Prazák;Pražák
Maria Schulc;»Maria Schul«
Burian;Burián
Sulkowski;Sułkowski
 gefaller ; gefallen 
Nemčié;Nemčić
Swétla;Swětla
Marusevec;Maruševec
Das neue Europac;»Das neue Europa«
Galecki;Gałecki
Gompendorferstr;Gumpendorferstr
v. u. 2 ;v. u. z. 
Text S.7.;
I. M.;l. M.
v. Paić;v. Païć
de Obregon;de Obregón
 Oldenburg«; »Oldenburg«
Josef Majen;Josef Majčen
Hussein;Husseïn
Radziwill;Radziwiłł
Pension Steinlechnerc; »Pension Steinlechner«
Ordonez;Ordoñez
Szent Istváne;»Szent István«
 Grieserhof«; »Grieserhof«
Hotel Meiß¬;Hotel Meißl
Dom Joo; Dom João
Offentlichkeit;Öffentlichkeit
Nemesthti;Nemesthóti
FestArt. Rgt;FestArt.-Rgt
Pension Silvanac;»Pension Silvana«
 Hietzingerhof«; »Hietzingerhof«
»Wehrmann im Eisen ;»Wehrmann im Eisen« 
Borussiac;»Borussia«
v. Ostoi¬;v. Ostoić
Millenković;Millenkovič
»Hotel Quarner.;»Hotel Quarnero«.
-üt ;-út 
1—n.;l—n.
Atelier Pri.;Atelier Frl.
Causević;Čausević
Gampendorferstr;Gumpendorferstr
»Villa Mauritia ;»Villa Mauritia« 
Hus. R;Hus.-R
Amtern;Ämtern
Armelaufsch;Ärmelaufsch
Hotel Sachere;»Hotel Sacher«
Namiest aJOslawa;Namiest a/Oslawa
Piccaver;Piccavèr
Östen-Sacken;Osten-Sacken
Hotel Kaiserin Elisabethe;»Hotel Kaiserin Elisabeth«
Hotel Weimarc;»Hotel Weimar«
Südenhorst u. Schilo;Südenhorst u. Schidlo
Hotel Axelmannsteinc;»Hotel Axelmannstein«
de Coronell;de Coronel
Sarkotió;Sarkotić
OShaugnessy;O'Shaugnessy
 Schwarzgelbe Kreuz«; »Schwarzgelbe Kreuz«
v. Loven;v. Lovčen
Zivnostenská;Živnostenská
Atelier Adeler;»Atelier Adele«
 0. Juni; 9. Juni
Min. des äußern;Min. des Äußern
Gnmpendorferstr;Gumpendorferstr
Min. des Kußern;Min. des Äußern
 ro ; 10 
Liposčak;Lipoščak
Hotel Europe-;»Hotel Europe«
Förster Atelier Adeles;Förster »Atelier Adele«
Terts. 6.;
Hotel König von Ungarnc;»Hotel König von Ungarn«
Dobrinović;Dobrinovič
Dobrinovié;Dobrinovič
Rgt. r;Rgt. 1
Hotel Kreuze;»Hotel Kreuz«
Tert untenstebend,;
Haus Goldener Sternc; Haus »Goldener Stern«
Blauer Hechte;»Blauer Hecht«
IR. 1o2;IR. 102
Attlantic Palace;Atlantic Palace
DR. o;DR. 9
DR. 1o;DR. 10
Esk Chef;EskChef
19t3;1913
1ot1;1911
Nr. 2o;Nr. 20
ro1r;1911
TextS. 6.;
1or1;1911
1oor;1901
 rorz; 1912
Tit. u. Char,;Tit. u. Char.
DR. 1o;DR. 10
 1 Gräfin; † Gräfin
Sanssoucic;»Sanssouci«
Tepler Hausc;»Tepler Haus«
Mil.-Badehause;»Mil.-Badehaus«
Hotel Royalc;»Hotel Royal«
Olzweig;Ölzweig
Dunapalotac;»Dunapalota«
Hotel Belvedere und Bellevuec;»Hotel Belvedere und Bellevue«
u. Char,;u. Char.
Pulisié;Pulišić
Niesluchów;Niesłuchów
Grand Hotel Otte;»Grand Hotel Ott«
Sokolow;Sokołow
Hotel Miramarec;»Hotel Miramare«
Kozielsko-Pužyna;Kozielsko-Pużyna
Zimmereugr;Zimmerauer
Engadiner Kulm-Hotelc;»Engadiner Kulm-Hotel«
Hotel Austriac;»Hotel Austria«
Hotel a. Forstc;»Hotel a. Forst«
Park-Hotele;»Park-Hotel«
Haus Florac;Haus »Flora«
Regina-Palast-Hotele;»Regina-Palast-Hotel«
Milkurhaus vom Weißen Kreuzec;»Milkurhaus vom Weißen Kreuze«
Zeleńska;Želeńska
Zeleński;Želeński
Villa Viktoriac;»Villa Viktoria«
„Königsvillac;»Königsvilla«
Schloß Préic;Schloß Prčic
F.J.-B.;F.-J.-B.
Hermanic-Sedlec;Heřmanic-Sedlec
Melk s. D.;Melk a. D.
Geschätte;Geschäfte
Midgarde;»Midgard«
Stadt Moskauc;»Stadt Moskau«
Villa Waldheimc;»Villa Waldheim«
Szent Istváng;»Szent István«
Hotel Postc;»Hotel Post«
Hotel Rivierag;»Hotel Riviera«
Südbahnhotele;»Südbahnhotel«
Pension Beckerc;»Pension Becker«
Hotel l’Europec;»Hotel l’Europe«
Villa Danzers;»Villa Danzer«
-Österr. Hofe;»Österr. Hof«
Askaniac;»Askania«
Hotel Neptunc;»Hotel Neptun«
1i. Armee;11. Armee
Hotel Sterne;»Hotel Stern«
Hotel Postc;»Hotel Post«
Hotel Royalc;»Hotel Royal«
Villa Christac;»Villa Christa«
Villa Imperialt;»Villa Imperial«
1ojährige;10jährige
2ojährige;20jährige
3ojährige;30jährige
Villa Uhl-;»Villa Uhl«
Marienbadt;»Marienbad«
Haus Immergrünc;»Haus Immergrün«
Hotel Hannover-;»Hotel Hannover«
Grand Hotel Pupp-;»Grand Hotel Pupp«
Hotel Weimarc;»Hotel Weimar«
Maximilianbadc;»Maximilianbad«
Liposčak;Lipoščak
Hotel Schweizerhofe;»Hotel Schweizerhof«
Goldenen Kreuzt;»Goldenen Kreuz«
„Kaiserin Zitac;»Kaiserin Zita«
Park-Hotel Puppc;»Park-Hotel Pupp«
Central-Hotel Loibe;»Central-Hotel Loib«
Hotel Krauße;»Hotel Krauß«
Hony.-;Honv.-
I. M.;l. M.
1 Gräfin;† Gräfin
de Brassoe;»de Brasso«
Terts. 7.;
1o0;100
Drag. Rgt.;Drag.-Rgt.
Damen stift;Damenstift
 0. ; 9. 
Außeren;Äußeren
19os;1905
 roor ; 1901 
 1o17 ; 1917 
 ro11 ; 1911 
 fo11 ; 1911 
TertS.8.;
Fr. d’Ora;Frl. d’Ora
3 Lilienc;»3 Lilien«
Zivnostenská;Živnostenská
Min. des äußern;Min. des Äußern
 1 bayer.; † bayer.
Sapp Baon;SappBaon
Baon,;Baon.
FAR ro6;FAR. 106
1o3;103
sojähriges;50jähriges
akkred,;akkred.
r. Kl.;1. Kl.
St. Stephanc;»St. Stephan«
Olgemälde;Ölgemälde
Hotel Krantze;»Hotel Krantz«
Atelier Pri.;Atelier Frl.
Text obenstehend.;
Tets. 6;
Teit S. 5.;
Tezt s. 5.;
Burian;Burián
TextS.6;
Text 5. 8.;
Tert S. 7.;
Text s.8.;
Pension-Hotel Savoys;»Pension-Hotel Savoy«
Hotel Belvedère:;»Hotel Belvedère«
 f Freifrau; † Freifrau
Rgt. zo;Rgt. 20
1 Gräfin;† Gräfin
Hotphotog;Hofphotog
Unter den Lunden;Unter den Linden
Tert untenstehend,;
1 Freifrau;† Freifrau
Emst Sandan;Ernst Sandau
ungar. Hauses;ungar. OHauses
1o8;108
Texts. 7.;
-Hotel Königsvillac;»Hotel Königsvilla«
Hotel Tirolerhof-;»Hotel Tirolerhof«
Choloniewski;Chołoniewski
Engadiner Kulm-Hotele;»Engadiner Kulm-Hotel«
Seite 1o;Seite 10
so. Jahr;50. Jahr
Text untenstehend.;
UlRgts. z0;UlRgts. 20
schred.;schwed.
UlRgt. z0;UlRgt. 20
Isabellc;Isabelle
z½;2½
Text S. 5;
UR. r;UR. 1
Milkanzlei;MilKanzlei
0-Kigyós;Ó-Kigyós
Tent s. 7.;
Text S. 8.;
ror2;1912
Wiener Salonblatte;»Wiener Salonblatt«
Tert 5.8;
Nr. 1o;Nr. 10
Wipplingerstraße 24—76;Wipplingerstraße 24—26
Text 5.8.;
1 Freiherrn;† Freiherrn
IR. 5r;IR. 51
Hotel am Seec;»Hotel am See«
Weilburg:;»Weilburg«
Hotel Straubingere;»Hotel Straubinger«
Alrlier;Atelier
1o Uhr;10 Uhr
Hotel Meißl & Schadnc;»Hotel Meißl & Schadn«
Hotel Grüner Baum:;»Hotel Grüner Baum«
Hotel Kaiserhofe;»Hotel Kaiserhof«
für die hervorragenden Verdienstee;»für die hervorragenden Verdienste«
Weißes Rößlc;»Weißes Rößl«
Schurwons Hotel Angert;»Schurwons Hotel Anger«
Hotel Hanikac;»Hotel Hanika«
Pri. d’Ora;Frl. d’Ora
 Centralbade ; »Centralbade« 
Osterreich;Österreich
 acht »; Yacht »
Jankovié;Janković
Orlandini 6 Figlie;Orlandini & Figli e
Zimmeraner;Zimmerauer
Goldenes Kreuze;»Goldenes Kreuz«
Hotel Baur au Lacc;»Hotel Baur au Lac«
Hotel Steyrerhofe;»Hotel Steyrerhof«
Villa Dr. Wolfe;»Villa Dr. Wolf«
Hotel Neptunc;»Hotel Neptun«
Liposćak;Lipošćak
Seite ro;Seite 10
1o0o;1000
rooo;1000
5oo;500
DR. 1r;DR. 11
HR. 1o;HR. 10
Tert S. 5.;
 rorr ; 1911 
1 Gräfin;† Gräfin
1o Uhr;10 Uhr
Tents.8.;
Weißer Hirsche;»Weißer Hirsch«
Terts. 7.;
z. Kl.;2. Kl.
Villa Mauthnerc;»Villa Mauthner«
Rudnyánszky-Villac;»Rudnyánszky-Villa«
Tirkigr;TirKjgr
Tens.5.;
DR. ro;DR. 10
stifts Maria Schule;stifts »Maria Schul«
Tezt S. 8.;
2, Klasse;2. Klasse
1 Herrn;† Herrn
Inf Brig.;InfBrig.
1oor;1901
TrBat, 1z;TrBat. 12
FB. 3o;FB. 30
FJägBat,;FJägBat.
UR. r;UR. 1
DR. ro;DR. 10
DR. r0;DR. 10
UR. 1z;UR. 12
UR. z;UR. 2
1 Freifrau;† Freifrau
Nr. 1o;Nr. 10
Hamnoncourt;Harnoncourt
TextS. 7.;
 1or3 ; 1913 
Text nebenstehend, ;
Tert 5. 5.;
Tezt 5. 8.;
Hause Kaiser von Österreiche;Hause »Kaiser von Österreich«
Terts.8;
„Austriac;»Austria«
-Hotel Sacher;»Hotel Sacher«
Pullciani;Pulciani
Österr. Hof-;»Österr. Hof«
Oumpendorferstr;Gumpendorferstr
Hause Österr. Wappens;Hause »Österr. Wappen«
Hjnácskeö;Ajnácskeö
Ver dienstkreuz;Verdienstkreuz
heil. Engelnc;»heil. Engeln«
Wier ;Wien 
Cerniković;Černiković
Gatano;Gaëtano
Dobrenitz;Dobřenitz
Cramme;Crême
Zahn-Cramme;Zahn-Crême
de Lai ;de Laï 
G. d.1.;G. d. I.
Raiewsky;Raïewsky
Five clockte;Five o'clock-tea
Five o'clock-teaa;Five o'clock-tea
Novaković;Novakovič
Parsifall;Parsifal
FAR. 1o;FAR. 10
Cernikowitz;Černikowitz
Doleal;Doležal
Krizevac;Križevac
1o11;1911
OLdesger Präs;OLdesgerPräs
Ivčevié;Ivčević
Reservor;Réservoir
Seine et-Oise;Seine-et-Oise
Espagol;Espagñol
 pro ecclesia et pontifice«; »pro ecclesia et pontifice«
»Hotel Cavour ;»Hotel Cavour«
Michailowitsch;Michaïlowitsch 
Stirim;Stiřim
ro12;1912
Tezts.5.;
1 GRates; † GRates
Béharovice;Běhařovice
Text S. 6.;
s. Mai;5. Mai
(LeibGrenRgt;(Leib)GrenRgt
Seite g;Seite 9
Trés-Saint;Très-Saint
Kunisovée;Kunisovče
Otz;Ötz
Eržherzog;Erzherzog
Milkomm;MilKomm
Villa Silvac;»Villa Silva«
à 1. s. d. A.;à l. s. d. A.
Schloß Windsore;»Schloß Windsor«
Schwarzgelben Kreuzese;»Schwarzgelben Kreuzes«
Szöny;Szőny
Germania Palace Hotele;»Germania Palace Hotel«
Villa Mühle;»Villa Mühl«
Schöne Königinc;»Schöne Königin«
Min. des ußern;Min. des Äußern
Grand Hotel Pupp-;»Grand Hotel Pupp«
Hotel Erzherzog Karle;»Hotel Erzherzog Karl«
Parkhotel Puppe;»Parkhotel Pupp«
Brunnen-Inspektionc;»Brunnen-Inspektion«
Caslau;Časlau
Villa Strunzc;»Villa Strunz«
Sloninka;Słoninka
Tuéap;Tučap
»»;»